GeneName1	GeneName2	chr1	Breakpoint1	strand1	chr2	Breakpoint2	strand2	EnsemblGene1	EnsemblGene2	crossingreads	spanningreads	mean.insertsize	homology	fusiontype	InfoGene1	InfoGene2	JunctionSequence	GeneExpr1	GeneExpr2	GeneExpr_Fused	ES	GJS	US	EricScore
VAMP8	VAMP5	2	85581876	+	2	85591725	+	ENSG00000118640	ENSG00000168899	9	6	128.88		Read-Through	vesicle-associated membrane protein 8 [Source:HGNC Symbol;Acc:HGNC:12647]	vesicle-associated membrane protein 5 [Source:HGNC Symbol;Acc:HGNC:12646]	ctcctacccctcttcccgaggccctgctgccatgttgtatgccccagaagGCAGGAATAGAGTTGGAGCGGTGCCAGCAGCAGGCGAACGAGGTGACGGA	26.11	1.95	18.66	0.6962	0.5933	0.666666666666667	0.982052739444408
AHCTF1	NAAA	1	246931580	-	4	75925813	-	ENSG00000153207	ENSG00000138744	43	23	116.46		inter-chromosomal	AT hook containing transcription factor 1 [Source:HGNC Symbol;Acc:HGNC:24618]	N-acylethanolamine acid amidase [Source:HGNC Symbol;Acc:HGNC:736]	tggcgacccggtggactcggcccgcggcggcgcgctcacccgccccgttcAGATAAAGGCTGGTGGTGGGAGAATGCTATCGCTGCCCTGTTTCGGAGAC	25.24	8.57	11.81	0.6721	0.6068	0.534883720930233	0.982052739444408
LAMP1	MCF2L	13	113297493	+	13	113064302	+	ENSG00000185896	ENSG00000126217	6	4	103.04		intra-chromosomal	lysosomal-associated membrane protein 1 [Source:HGNC Symbol;Acc:HGNC:6499]	MCF.2 cell line derived transforming sequence-like [Source:HGNC Symbol;Acc:HGNC:14576]	cccggcagcgcccggcgacccctgctgctgctactgctgttgctgctgctCGGTCATAATGCTGAGCTCCGTACCAGACTTACACGGTTACATCGATAAG	14.12	8.05	22.87	0.7103	0.6078	0.666666666666667	0.981770262862878
METTL2B	METTL2A	7	128476982	+	17	62424095	+	ENSG00000165055	ENSG00000087995	3	4	141.47		inter-chromosomal	methyltransferase like 2B [Source:HGNC Symbol;Acc:HGNC:18272]	methyltransferase like 2A [Source:HGNC Symbol;Acc:HGNC:25755]	agcattccgaaaagcccctgaccgccggccacgagtcaagctgccctaccCGGCCACGAGTCAAGCTGCCCTACCCGAGGCACTCTCCAAGGGGAGAGAA	10.9	9.82	14.84	0.6495	0.765	0.75	0.978043459952982
DARS2	NIPAL3	1	173858546	+	1	24419508	+	ENSG00000117593	ENSG00000001461	3	2	145.6		intra-chromosomal	aspartyl-tRNA synthetase 2, mitochondrial [Source:HGNC Symbol;Acc:HGNC:25538]	NIPA-like domain containing 3 [Source:HGNC Symbol;Acc:HGNC:25233]	tcagattaaacaaaactgatatcaatagtaaaagtcattttacttatcaaCTCCTAGGCCAGGCCCTGTGGGATGCGCCACTAGACCACCATGGACGGAT	66.71	3.05	18.7	0.6052	0.7541	0.666666666666667	0.97778008419886
SKA2	MYO19	17	59155131	-	17	36507924	-	ENSG00000182628	ENSG00000278259	6	10	126.02	ENSG00000278372 (51%)	intra-chromosomal	spindle and kinetochore associated complex subunit 2 [Source:HGNC Symbol;Acc:HGNC:28006]	myosin XIX [Source:HGNC Symbol;Acc:HGNC:26234]	aatgtcaactattcaacatggaggcggaggtcgataagctggaactgatgGCCTGCTGGATGTGTATGGATTTGAATCATTTCCTGACAACAGTCTGGAA	60.4	0	30.8	0.759	0.703	0.6	0.975282209406704
MED13	BCAS3	17	62052538	-	17	61391976	+	ENSG00000108510	ENSG00000141376	14	10	94.33		intra-chromosomal	mediator complex subunit 13 [Source:HGNC Symbol;Acc:HGNC:22474]	breast carcinoma amplified sequence 3 [Source:HGNC Symbol;Acc:HGNC:14347]	caagtggtttgtaaagccttatgaaaaagatgaaaaacctataaataaaaGAACTTCAGCGAGAGGGAAGCATCGAGACTCTGAGTAACAGCTCAGGCTC	9.55	6.05	10.75	0.616	0.594	0.714285714285714	0.973730119186476
C9orf172	PHPT1	9	136848283	+	9	136849111	+	ENSG00000232434	ENSG00000054148	7	3	110.12		Read-Through	chromosome 9 open reading frame 172 [Source:HGNC Symbol;Acc:HGNC:37284]	phosphohistidine phosphatase 1 [Source:HGNC Symbol;Acc:HGNC:30033]	acggggcgttcccaggtgggagcctggagggcaaagcgtggtgcgagcagCCTCGCGGGCCGCCTAACTGCCCCGTTCCAAGGGTGCCACCGGACCCCGC	3.01	61.72	11.82	0.7238	0.573	0.428571428571429	0.973068424690494
FARSB	TRIM61	2	222648740	-	4	164969675	-	ENSG00000116120	ENSG00000183439	17	8	100.04		inter-chromosomal	phenylalanyl-tRNA synthetase, beta subunit [Source:HGNC Symbol;Acc:HGNC:17800]	tripartite motif containing 61 [Source:HGNC Symbol;Acc:HGNC:24339]	aagaatttgatgaactatgttttgaatttggtctggagcttgatgaaattAAAGACCTAGAGCTTTTATGTCCAAGGTGCAGTTTGTCCACTGATCACCA	24.28	0.25	38	0.7875	0.6169	0.470588235294118	0.972190048100097
RAB22A	MYO9B	20	58311123	+	19	17145398	+	ENSG00000124209	ENSG00000099331	17	21	96.97		inter-chromosomal	RAB22A, member RAS oncogene family [Source:HGNC Symbol;Acc:HGNC:9764]	myosin IXB [Source:HGNC Symbol;Acc:HGNC:7609]	ggcggtttgtggaagacagttttgatccaaacatcaacccaacaatagggCTTTTGGAAATGCCAAGACAGCCCACAACAACAACTCCAGCCGGTTTGGG	27.21	23.39	40.79	0.7226	0.6141	0.80952380952381	0.961039257117519
TPD52L2	DNAJC5	20	63869441	+	20	63928335	+	ENSG00000101150	ENSG00000101152	14	11	90.2		Read-Through	tumor protein D52-like 2 [Source:HGNC Symbol;Acc:HGNC:12007]	DnaJ (Hsp40) homolog, subfamily C, member 5 [Source:HGNC Symbol;Acc:HGNC:16235]	agggtctgacagaggctgaggaggaggagctcagggctgagcttaccaagAATAGCCTAACATGGCAGACCAGAGACAGCGCTCACTGTCTACCTCTGGG	47.68	58.73	37.39	0.6203	0.5503	0.785714285714286	0.96076712942483
ANP32D	ANP32A	12	48473333	+	15	68780470	-	ENSG00000139223	ENSG00000140350	18	12	137.75		inter-chromosomal	acidic (leucine-rich) nuclear phosphoprotein 32 family, member D [Source:HGNC Symbol;Acc:HGNC:16676]	acidic (leucine-rich) nuclear phosphoprotein 32 family, member A [Source:HGNC Symbol;Acc:HGNC:13233]	aggaggagaaggatgaaggttataacaatggagaggtagatgatgaggaaGATGAAGAAGGTTATAACGATGGAGAGGTAGATGACGAGGAAGATGAAGA	0.21	9.31	39.53	0.8388	0.5884	0.666666666666667	0.960048668086612
RBMXL1	RBMX	1	88982842	-	X	136874398	-	ENSG00000213516	ENSG00000147274	10	9	138.65		inter-chromosomal	RNA binding motif protein, X-linked-like 1 [Source:HGNC Symbol;Acc:HGNC:25073]	RNA binding motif protein, X-linked [Source:HGNC Symbol;Acc:HGNC:9910]	ttatagcagctcacgtgatggatatggtggaagtcgagacagttactcaaGCAGTCGCTATGATGATTACAGCAGCTCACGTGACGGATATGGTGGAAGT	2.68	44.79	35.19	0.6748	0.3629	0.9	0.958716095051288
PTOV1	MED25	19	49855077	+	19	49834986	+	ENSG00000104960	ENSG00000104973	25	53	155.55		Read-Through	prostate tumor overexpressed 1 [Source:HGNC Symbol;Acc:HGNC:9632]	mediator complex subunit 25 [Source:HGNC Symbol;Acc:HGNC:28845]	gagactgcgactcgctcaaggggctctgccgcatcatgggcaacggcttcGCGGGCTGCGTGCACTTCCCCCACACGGCGCCCTGTGAGGTGCGCGTGCT	22.58	9.22	48.52	0.6694	0.6472	0.471698113207547	0.958058847661806
AKT1	AKT2	14	104774939	-	19	40238973	-	ENSG00000142208	ENSG00000105221	15	49	145.3		inter-chromosomal	v-akt murine thymoma viral oncogene homolog 1 [Source:HGNC Symbol;Acc:HGNC:391]	v-akt murine thymoma viral oncogene homolog 2 [Source:HGNC Symbol;Acc:HGNC:392]	acactcaccgagaaccgcgtcctgcagaactccaggcaccccttcctcacGCGCTGAAGTATGCCTTCCAGACCCACGACCGCCTGTGCTTTGTGATGGA	10.23	17.96	144.73	0.8611	0.8621	0.306122448979592	0.957662924979959
RPS6KB1	SNF8	17	59893325	+	17	48943975	-	ENSG00000108443	ENSG00000159210	54	99	142.75		intra-chromosomal	ribosomal protein S6 kinase, 70kDa, polypeptide 1 [Source:HGNC Symbol;Acc:HGNC:10436]	SNF8, ESCRT-II complex subunit [Source:HGNC Symbol;Acc:HGNC:17028]	acctggaccagccagaggacgcgggctctgaggatgagctggaggaggggGCCAAGTATAAGGAGCGAGGGACGGTCTTGGCTGAGGACCAGCTAGCCCA	19.21	66.74	56.62	0.6726	0.8424	0.545454545454545	0.954559322395241
PPP1R3F	NUBPL	X	49282063	+	14	Unable to predict breakpoint position	+	ENSG00000049769	ENSG00000151413	14	6	102.46	ENSG00000272414 (53%), ENSG00000196335 (53%), ENSG00000156218 (53%), ENSG00000122484 (52%), ENSG00000152061 (52%), ENSG00000106258 (53%), ENSG00000137500 (53%), ENSG00000105852 (53%), ENSG00000197852 (50%), ENSG00000003436 (53%), ENSG00000144029 (53%), ENSG00000139547 (53%), ENSG00000196600 (52%), ENSG00000139679 (53%), ENSG00000196263 (53%), ENSG00000112096 (53%), ENSG00000151338 (53%), ENSG00000111816 (48%), ENSG00000042317 (47%)	inter-chromosomal	protein phosphatase 1, regulatory subunit 3F [Source:HGNC Symbol;Acc:HGNC:14944]	nucleotide binding protein-like [Source:HGNC Symbol;Acc:HGNC:20278]	cactggtagcccccacccctctccgtccatggccccagatgacacttcagGTCTGCTGGAGTTTGCTGGAGGTCCACTCCAGACCCTGTTTGCCTGGGTA	6.46	3.85	48.95	0.7771	0.6422	0.428571428571429	0.947117263637544
EMC3	CIDEC	3	9986510	-	3	9870072	-	ENSG00000125037	ENSG00000187288	7	16	92.73		intra-chromosomal	ER membrane protein complex subunit 3 [Source:HGNC Symbol;Acc:HGNC:23999]	cell death-inducing DFFA-like effector c [Source:HGNC Symbol;Acc:HGNC:24229]	tccatcctgctgcagagcgacaagaagctcacccaggaacaagtatctgaCAGGGGACAAGGCACCCACTGTCCCTCTCCCATAAGCCTGCCAAGAAGAT	15.19	4.52	53.1	0.7123	0.6698	0.4375	0.93729003711884
BOLA2	SMG1	16	29443467	-	16	18876157	-	ENSG00000183336	ENSG00000157106	4	5	119.79		intra-chromosomal	bolA family member 2 [Source:HGNC Symbol;Acc:HGNC:29488]	SMG1 phosphatidylinositol 3-kinase-related kinase [Source:HGNC Symbol;Acc:HGNC:30045]	agaatcatgtgttcaatgtagacaatgcaaaatttgtagttaaatttgacTACAATTGGAAATGCCAAAAACTCACTAATAGGGGTGAGTCTTTAATTGT	5.73	8.65	31.2	0.7537	0.9294	0.8	0.930824686984194
TUBB4B	TUBB8	9	137242814	+	10	47846	-	ENSG00000188229	ENSG00000261456	12	15	208.33		inter-chromosomal	tubulin, beta 4B class IVb [Source:HGNC Symbol;Acc:HGNC:20771]	tubulin, beta 8 class VIII [Source:HGNC Symbol;Acc:HGNC:20773]	tacaacgccaccctctcagtccaccagctcgtagaaaacacagacgagacCTACAACGCCACCCTCTCAGTCCACCAGCTCATAGAAAACGCAGATGAGA	286.85	7.01	73.51	0.6473	0.8323	0.8	0.929342535768953
TSKU	MTRNR2L12	11	76798144	+	3	96617913	-	ENSG00000182704	ENSG00000269028	3	2	105.67	ENSG00000256618 (47%), ENSG00000256045 (47%), ENSG00000282017 (41%), ENSG00000270672 (41%), ENSG00000270188 (41%), ENSG00000256892 (37%)	inter-chromosomal	tsukushi, small leucine rich proteoglycan [Source:HGNC Symbol;Acc:HGNC:28850]	MT-RNR2-like 12 [Source:HGNC Symbol;Acc:HGNC:37169]	cccatcatctatctaaccggtccttgatttaataaacactataaaaagttAAACCTATCGAGCCTGGTGATAGCTGGTTGTCCAAGATAGAATCTTAGTT	17.55	0.43	78.67	0.6052	0.8408	0.666666666666667	0.929342535768953
ZNF547	TRAPPC2	19	57363703	+	X	13719982	-	ENSG00000152433	ENSG00000196459	12	14	84.67		inter-chromosomal	zinc finger protein 547 [Source:HGNC Symbol;Acc:HGNC:26432]	trafficking protein particle complex 2 [Source:HGNC Symbol;Acc:HGNC:23068]	cccctctcttccctggctggacttgcggagtccccgccgaagaacccgagGAGCCATATATTGAAGACCATGTCTGGGAGCTTCTACTTTGTAATTGTTG	0.38	4.87	11.4	0.5964	0.5259	0.857142857142857	0.92854419060753
MED1	ACSF2	17	39439165	-	17	50471028	+	ENSG00000125686	ENSG00000167107	12	15	88.67		intra-chromosomal	mediator complex subunit 1 [Source:HGNC Symbol;Acc:HGNC:9234]	acyl-CoA synthetase family member 2 [Source:HGNC Symbol;Acc:HGNC:26101]	caccatggggagaatcctgtgagctgtccggagcttgtacagcagctaagGTTGCTTATGGAACCACAGAGAACAGTCCCGTGACATTCGCGCACTTCCC	1.51	48.07	122.41	0.7303	0.7481	0.8	0.916748093474314
PPP1R3F	ZFAT	X	49282063	+	8	134674888	-	ENSG00000049769	ENSG00000066827	13	9	130.26	ENSG00000272414 (53%), ENSG00000196335 (53%), ENSG00000156218 (53%), ENSG00000151413 (50%), ENSG00000003436 (53%), ENSG00000196600 (52%), ENSG00000111816 (48%)	inter-chromosomal	protein phosphatase 1, regulatory subunit 3F [Source:HGNC Symbol;Acc:HGNC:14944]	zinc finger and AT hook domain containing [Source:HGNC Symbol;Acc:HGNC:19899]	cactggtagcccccacccctctccgtccatggccccagatgacacttcagGTCTGCTGGAGTTTGCTGGAGGTCCGCTCCATACCCTGTTTGCCTGGGTA	6.46	2.13	4.35	0.7625	0.7518	0.692307692307692	0.915486590400239
TRIM61	FARSB	4	164969478	-	2	222643005	-	ENSG00000183439	ENSG00000116120	5	8	100.72		inter-chromosomal	tripartite motif containing 61 [Source:HGNC Symbol;Acc:HGNC:24339]	phenylalanyl-tRNA synthetase, beta subunit [Source:HGNC Symbol;Acc:HGNC:17800]	aaaaagtcataactatgcaaaccaggaaatcactggaactgaagaaaaagACATCTGAGAAGGAAATAATAAGTAAAGAACAAGGTAATGTAAAGGCAGC	0.25	24.28	5.39	0.7057	0.6048	0.625	0.909342822515995
CCT3	MTRNR2L12	1	156312078	-	3	96617741	-	ENSG00000163468	ENSG00000269028	4	1	123.75	ENSG00000255823 (52%), ENSG00000270672 (51%), ENSG00000249860 (42%)	inter-chromosomal	chaperonin containing TCP1, subunit 3 (gamma) [Source:HGNC Symbol;Acc:HGNC:1616]	MT-RNR2-like 12 [Source:HGNC Symbol;Acc:HGNC:37169]	gatgaatactttactttcatcactgactgcaaagaccccaaggcctgcacCCATAGTAGGCCTAAAAGCAGCCACCAATTAAGAAAGCGTTCAAGCTCAA	149.66	0.43	325.26	0.6814	0.9968	0.25	0.909005018514486
FITM2	UQCC1	20	44310976	-	20	35314765	-	ENSG00000197296	ENSG00000101019	3	3	181.46		intra-chromosomal	fat storage-inducing transmembrane protein 2 [Source:HGNC Symbol;Acc:HGNC:16135]	ubiquinol-cytochrome c reductase complex assembly factor 1 [Source:HGNC Symbol;Acc:HGNC:15891]	tccccgttgcccgagagctacctcagcaacaagcgcaacgtcctcaacgtGTTAATCCCTATATCCTGAAGAAGAACATGATCCTCATGACAAATCATTT	28.54	40.48	15.28	0.7238	0.5414	1	0.90314049643634
STARD3	DOK5	17	39637230	+	20	54643457	+	ENSG00000131748	ENSG00000101134	11	6	73.82		inter-chromosomal	StAR-related lipid transfer (START) domain containing 3 [Source:HGNC Symbol;Acc:HGNC:17579]	docking protein 5 [Source:HGNC Symbol;Acc:HGNC:16173]	cggactgcggttggggcgggaagagccggggccgtggctgacatggagcaGCTCCAGATGAAGATGAGTGAGCGGGCCGCCTCGCTGAGCACCATGGTGC	150.25	1.04	162.65	0.8201	0.8319	0.545454545454545	0.898274187708625
S100A16	MTRNR2L8	1	153608015	-	11	10509137	-	ENSG00000188643	ENSG00000255823	4	1	101.7	ENSG00000269028 (46%), ENSG00000256618 (39%)	inter-chromosomal	S100 calcium binding protein A16 [Source:HGNC Symbol;Acc:HGNC:20441]	MT-RNR2-like 8 [Source:HGNC Symbol;Acc:HGNC:37165]	aagaacaagatcagcaagagcagcttccgcgagatgctccagaaagagctAAATCATTTACCCAAATAAAGTATAGGCGATAGAAATTGTAAATCGGCGC	157.59	0	473.46	0.7606	0.9231	0.25	0.892542627178001
RPL23A	ZDHHC15	17	28721238	+	X	Unable to predict breakpoint position	-	ENSG00000198242	ENSG00000102383	3	3	109.1	More than 30 homologies found: ENSG00000196172 (100%), ENSG00000197497 (99%), ENSG00000100418 (98%), ENSG00000120742 (99%), ENSG00000151576 (99%), ENSG00000134748 (100%), ENSG00000267041 (100%), ENSG00000254004 (99%), ENSG00000158122 (100%), ENSG00000105953 (99%), ENSG00000146267 (99%), ENSG00000065413 (99%), ENSG00000087269 (99%), ENSG00000147475 (99%), ENSG00000155158 (99%), ENSG00000198771 (94%), ENSG00000104946 (99%), ENSG00000168827 (99%), ENSG00000183765 (99%), ENSG00000078699 (99%), ENSG00000119711 (99%), ENSG00000074657 (99%), ENSG00000196914 (94%), ENSG00000003402 (94%), ENSG00000139722 (99%), ENSG00000003509 (99%), ENSG00000101882 (99%), ENSG00000197937 (93%), ENSG00000124588 (94%), ENSG00000205269 (99%)	inter-chromosomal	ribosomal protein L23a [Source:HGNC Symbol;Acc:HGNC:10317]	zinc finger, DHHC-type containing 15 [Source:HGNC Symbol;Acc:HGNC:20342]	ttaaaaatagaaaattcgccgggcatggtggcgcatgtctgtaatcccagCTACTCAGGAGGCTGAGGCAGGAGAATCGCTTGAACCTGGGAGGTAGAGG	17.42	0.23	15.65	0.5892	0.7091	1	0.890350881006451
EIF4A1	SENP3-EIF4A1	17	7577667	+	17	7577444	+	ENSG00000161960	ENSG00000277957	4	2	95.45		Read-Through	eukaryotic translation initiation factor 4A1 [Source:HGNC Symbol;Acc:HGNC:3282]	SENP3-EIF4A1 readthrough (NMD candidate) [Source:HGNC Symbol;Acc:HGNC:49182]	cccaggcagtcatcttcatcaacacccggaggaaggtggactggctcaccCCCTGGAGGGTATCCGCCAGTTCTACATCAACGTGGAACGAGAGGAGTGG	14.49	104.11	21.25	0.7103	0.567	0.5	0.887152932473455
ATP5B	MTRNR2L8	12	56643856	-	11	10508448	-	ENSG00000110955	ENSG00000255823	3	2	110.04	ENSG00000269028 (53%), ENSG00000256618 (53%)	inter-chromosomal	ATP synthase, H+ transporting, mitochondrial F1 complex, beta polypeptide [Source:HGNC Symbol;Acc:HGNC:830]	MT-RNR2-like 8 [Source:HGNC Symbol;Acc:HGNC:37165]	aggaaattctggtgactggtatcaaggttgtcgatctgctagctccctatTACCCCCACTGTTAACCCAACACAGGCATGCCCACAAGGAAAGGTTAAAA	0.26	0	88.37	0.7489	0.6642	0.666666666666667	0.877128895691062
STAG3L5P-PVRIG2P-PILRB	STAG3	7	100338887	+	7	100197154	+	ENSG00000272752	ENSG00000066923	16	14	175.83		intra-chromosomal	STAG3L5P-PVRIG2P-PILRB readthrough [Source:HGNC Symbol;Acc:HGNC:48898]	stromal antigen 3 [Source:HGNC Symbol;Acc:HGNC:11356]	accagccaatgatcttttcaatgctgcgaaagctgccaaaagtgacatgcAGGGATGTCCTTCCTGAGATCCGTGCTATCTGCATTGAGGAAATTGGGTG	6.91	3.78	64.34	0.7041	0.6251	0.875	0.877128895691062
VAPB	IKZF3	20	58389517	+	17	39777767	-	ENSG00000124164	ENSG00000161405	54	33	105.73		inter-chromosomal	VAMP (vesicle-associated membrane protein)-associated protein B and C [Source:HGNC Symbol;Acc:HGNC:12649]	IKAROS family zinc finger 3 (Aiolos) [Source:HGNC Symbol;Acc:HGNC:13178]	ggtggagcaggtcctgagcctcgagccgcagcacgagctcaaattccgagCAAGTGCGGAGGCAAGACACATCAAAGCAGAGATGGGAAGTGAAAGAGCT	48.43	32.82	92.02	0.7492	0.7119	0.611111111111111	0.869999628625023
TUBA1B	EEF1A1	12	49127782	-	6	73520096	-	ENSG00000123416	ENSG00000156508	3	1	131.92		inter-chromosomal	tubulin, alpha 1b [Source:HGNC Symbol;Acc:HGNC:18809]	eukaryotic translation elongation factor 1 alpha 1 [Source:HGNC Symbol;Acc:HGNC:3189]	cctgtaatatttttccatcatatctcaaagtaaagtcattaacatcaaaaGCCTCAGACAGTGGTTCAAAGTTTTTTTCTTCCATTTCAGGTGTCGTGAA	2.6	24.76	899.07	0.6962	1	0.333333333333333	0.862454977850531
IGFBP4	MTRNR2L8	17	40457197	+	11	10508969	-	ENSG00000141753	ENSG00000255823	3	1	108.78	ENSG00000269028 (51%), ENSG00000256618 (51%), ENSG00000256222 (39%)	inter-chromosomal	insulin-like growth factor binding protein 4 [Source:HGNC Symbol;Acc:HGNC:5473]	MT-RNR2-like 8 [Source:HGNC Symbol;Acc:HGNC:37165]	aagcgtggggtagcagatggagtaatggtcacgaggtccagacccactccCAAAGCTAAGACCCCCGAAACCAGACGAGCTACCTAAGAACAGCTAAAAG	0	0	285.23	0.6962	1	0.333333333333333	0.862454977850531
POLR2J3	POLR2J	7	102572443	-	7	102476270	-	ENSG00000168255	ENSG00000005075	3	3	106.88	ENSG00000214783 (50%), ENSG00000228049 (49%)	intra-chromosomal	polymerase (RNA) II (DNA directed) polypeptide J3 [Source:HGNC Symbol;Acc:HGNC:33853]	polymerase (RNA) II (DNA directed) polypeptide J, 13.3kDa [Source:HGNC Symbol;Acc:HGNC:9197]	cttgctcttcgagggcgagaagtaagtgacgccggctgcggagggccgagGATCACCATTAACAAGGACACCAAGGTACCCAATGCCTGTTTATTCACCA	3.86	43.87	21.89	0.8068	0.4827	1	0.858708087209546
ANKRD30A	MTPAP	10	37231682	+	10	Unable to predict breakpoint position	-	ENSG00000148513	ENSG00000107951	3	3	102.08	More than 30 homologies found: ENSG00000203995 (53%), ENSG00000169570 (53%), ENSG00000121236 (53%), ENSG00000100490 (53%), ENSG00000042429 (53%), ENSG00000158859 (53%), ENSG00000068654 (53%), ENSG00000175984 (50%), ENSG00000159593 (50%), ENSG00000090382 (50%), ENSG00000167637 (50%), ENSG00000161671 (50%), ENSG00000131044 (50%), ENSG00000100077 (50%), ENSG00000082126 (50%), ENSG00000064012 (52%), ENSG00000198039 (53%), ENSG00000185920 (53%), ENSG00000236490 (50%), ENSG00000231925 (50%), ENSG00000206281 (50%), ENSG00000206208 (50%), ENSG00000185800 (50%), ENSG00000182318 (50%), ENSG00000176105 (50%), ENSG00000171208 (50%), ENSG00000117906 (50%), ENSG00000112493 (50%), ENSG00000158270 (50%), ENSG00000148814 (50%)	intra-chromosomal	ankyrin repeat domain 30A [Source:HGNC Symbol;Acc:HGNC:17234]	mitochondrial poly(A) polymerase [Source:HGNC Symbol;Acc:HGNC:25532]	tgaagcctacagacataaaataacagtgtgaagaattacttgttcacgaaTCTCGCTCTGTCGCCCAGGCTAGAGTGCAGTGGCGCAATCTCGGCTCACT	9.51	4.9	7.19	0.6578	0.5984	1	0.855356988251309
BRD4	RFX1	19	15331836	-	19	Unable to predict breakpoint position	-	ENSG00000141867	ENSG00000132005	17	6	150.78	More than 30 homologies found: ENSG00000110697 (52%), ENSG00000166526 (51%), ENSG00000142507 (51%), ENSG00000105613 (51%), ENSG00000177082 (51%), ENSG00000162390 (51%), ENSG00000156398 (52%), ENSG00000173805 (52%), ENSG00000160179 (52%), ENSG00000145592 (52%), ENSG00000172613 (50%), ENSG00000063245 (50%), ENSG00000111530 (50%), ENSG00000099715 (50%), ENSG00000181991 (52%), ENSG00000168685 (52%), ENSG00000137218 (51%), ENSG00000242852 (51%), ENSG00000237495 (51%), ENSG00000231325 (51%), ENSG00000228883 (51%), ENSG00000226404 (51%), ENSG00000206404 (51%), ENSG00000204428 (51%), ENSG00000197769 (51%), ENSG00000196584 (51%), ENSG00000188739 (51%), ENSG00000185436 (51%), ENSG00000178188 (51%), ENSG00000176244 (51%)	intra-chromosomal	bromodomain containing 4 [Source:HGNC Symbol;Acc:HGNC:13575]	regulatory factor X, 1 (influences HLA class II expression) [Source:HGNC Symbol;Acc:HGNC:9982]	aggaggaggaggaagcggccgccgcggggtccgcggcgcgcccggcccggAGACGGGGTTTCGCCATGTTGGCCAGACTGGTCTCGAACTCCTGACCTCA	28.06	24.57	15.6	0.4868	0.6598	0.352941176470588	0.846961850750244
STAG3	RFC1	7	100199599	+	4	39318067	-	ENSG00000066923	ENSG00000035928	4	19	93.37	More than 30 homologies found: ENSG00000129990 (49%), ENSG00000105855 (49%), ENSG00000129451 (50%), ENSG00000111704 (48%), ENSG00000278129 (49%), ENSG00000213965 (49%), ENSG00000203666 (49%), ENSG00000198039 (49%), ENSG00000188033 (49%), ENSG00000182670 (49%), ENSG00000180822 (49%), ENSG00000175581 (49%), ENSG00000170542 (49%), ENSG00000165629 (49%), ENSG00000157895 (49%), ENSG00000108443 (49%), ENSG00000080371 (49%), ENSG00000276761 (49%), ENSG00000273559 (49%), ENSG00000198393 (49%), ENSG00000186628 (49%), ENSG00000183762 (49%), ENSG00000173846 (49%), ENSG00000172000 (49%), ENSG00000169756 (49%), ENSG00000166704 (49%), ENSG00000151576 (49%), ENSG00000141933 (49%), ENSG00000138035 (49%), ENSG00000137941 (49%)	inter-chromosomal	stromal antigen 3 [Source:HGNC Symbol;Acc:HGNC:11356]	replication factor C (activator 1) 1, 145kDa [Source:HGNC Symbol;Acc:HGNC:9969]	atgtgcaggagagcacactgatagaaatccttgtgtccagtgcccggcaaCTCCTGCCTCAGCCTCCCGAGCAGCTGGGACTGCAGGCGCCCGCCACCAA	3.78	10.84	23.86	0.7437	0.6567	0.210526315789474	0.835777675745145
NCOA2	ZNF704	8	70403700	-	8	80821615	-	ENSG00000140396	ENSG00000164684	5	2	105		intra-chromosomal	nuclear receptor coactivator 2 [Source:HGNC Symbol;Acc:HGNC:7669]	zinc finger protein 704 [Source:HGNC Symbol;Acc:HGNC:32291]	ggtcagcgccgacggcagccggcacctgacggcgtgaccgacccgagccgGTGGGGAGCATTAAGCGGGAAATGACCTTCACATTTCAGTCAGAGGACTT	7.7	8.14	8.42	0.6324	0.5124	0.4	0.833162073619813
DHRS4	DHRS4L2	14	23966400	+	14	24001436	+	ENSG00000157326	ENSG00000187630	13	4	151.51		Read-Through	dehydrogenase/reductase (SDR family) member 4 [Source:HGNC Symbol;Acc:HGNC:16985]	dehydrogenase/reductase (SDR family) member 4 like 2 [Source:HGNC Symbol;Acc:HGNC:19731]	ggccccaaggaacattagggtgaactgcctagcacctggacttatcaagaCCCTGGCCATAGAGCTGGCCCCAAGGAACATTAGGGTGAACTGCCTGCAC	19.13	9.28	37.89	0.6495	0.5527	0.307692307692308	0.815539428673375
RPS2	MTRNR2L8	16	1962225	-	11	10508957	-	ENSG00000140988	ENSG00000255823	5	5	167.63	ENSG00000269028 (51%), ENSG00000256618 (53%), ENSG00000256222 (46%)	inter-chromosomal	ribosomal protein S2 [Source:HGNC Symbol;Acc:HGNC:10404]	MT-RNR2-like 8 [Source:HGNC Symbol;Acc:HGNC:37165]	gcagccaaggccacctttgatgccatttctaagacctacagctacctgacCCCCGAAACCAGACGAGCTACCTAAGAACAGCTAAAAGAGCACACCCGTC	8.18	0	28.15	0.4868	0.6347	1	0.813100327848496
ZNF506	ZNF253	19	19821620	-	19	19878486	+	ENSG00000081665	ENSG00000256771	3	14	86.19	ENSG00000229676 (100%), ENSG00000188171 (91%), ENSG00000278091 (69%), ENSG00000105750 (69%), ENSG00000160321 (73%), ENSG00000198521 (71%), ENSG00000167232 (73%), ENSG00000183850 (71%), ENSG00000275050 (69%), ENSG00000160229 (69%), ENSG00000276219 (70%), ENSG00000160352 (71%), ENSG00000213462 (61%), ENSG00000196172 (51%), ENSG00000197360 (43%), ENSG00000256229 (40%), ENSG00000172687 (40%), ENSG00000184635 (37%)	Cis	zinc finger protein 506 [Source:HGNC Symbol;Acc:HGNC:23780]	zinc finger protein 253 [Source:HGNC Symbol;Acc:HGNC:13497]	gccctgtgacctgcaggtattaggagggtcacagctaggacgccgggaccCCCTGGAAGCCTAGAAATGGGACCATTGCAATTTAGAGATGTGGCCATAG	2.33	3.38	9.73	0.7782	0.594	0.214285714285714	0.79915988248818
STAG3	PLEKHH1	7	100199599	+	14	67570831	+	ENSG00000066923	ENSG00000054690	6	6	121.26	More than 30 homologies found: ENSG00000152700 (50%), ENSG00000151327 (50%), ENSG00000117620 (50%), ENSG00000089091 (49%), ENSG00000142459 (50%), ENSG00000139433 (50%), ENSG00000106976 (50%), ENSG00000156521 (49%), ENSG00000205085 (49%), ENSG00000130307 (49%), ENSG00000078269 (50%), ENSG00000176715 (50%), ENSG00000064313 (50%), ENSG00000170145 (49%), ENSG00000131242 (49%), ENSG00000115194 (56%), ENSG00000240720 (50%), ENSG00000123243 (50%), ENSG00000169062 (50%), ENSG00000100296 (50%), ENSG00000120137 (50%), ENSG00000144908 (51%), ENSG00000180979 (49%), ENSG00000139428 (50%), ENSG00000133812 (50%), ENSG00000050438 (47%), ENSG00000196632 (50%), ENSG00000117010 (50%), ENSG00000171462 (48%), ENSG00000165669 (49%)	inter-chromosomal	stromal antigen 3 [Source:HGNC Symbol;Acc:HGNC:11356]	pleckstrin homology domain containing, family H (with MyTH4 domain) member 1 [Source:HGNC Symbol;Acc:HGNC:17733]	atgtgcaggagagcacactgatagaaatccttgtgtccagtgcccggcaaCTCCTGCCTCAGCCTCCTGAATAGCTGGAACTACAGGCGCGCACCACCAT	3.78	4.91	21.32	0.4786	0.6545	1	0.798562615294299
CFL1	MTRNR2L8	11	65855158	-	11	10508801	-	ENSG00000172757	ENSG00000255823	6	1	158.91		intra-chromosomal	cofilin 1 (non-muscle) [Source:HGNC Symbol;Acc:HGNC:1874]	MT-RNR2-like 8 [Source:HGNC Symbol;Acc:HGNC:37165]	ccccagttgccaaacagaccccccaccccctggattttccttctccctccCCACAGAACCCTCCAAATCCCCCTGTAAATTTAACTGTTAGTCCAAAGAG	0.13	0	801.89	0.6814	0.9968	0.166666666666667	0.79510203251313
NME1-NME2	NME1	17	51161272	+	17	51161728	+	ENSG00000011052	ENSG00000239672	78	471	114.17		Read-Through	NME1-NME2 readthrough [Source:HGNC Symbol;Acc:HGNC:33531]	NME/NM23 nucleoside diphosphate kinase 1 [Source:HGNC Symbol;Acc:HGNC:7849]	gactccaagcctgggaccatccgtggagacttctgcatacaagttggcagGAACATTATACATGGCAGTGATTCTGTGGAGAGTGCAGAGAAGGAGATCG	49.15	16.81	177.38	0.6853	0.9889	0.165605095541401	0.79510203251313
RPLP0	MTRNR2L12	12	120196850	-	3	96617531	-	ENSG00000089157	ENSG00000269028	5	1	225.8		inter-chromosomal	ribosomal protein, large, P0 [Source:HGNC Symbol;Acc:HGNC:10371]	MT-RNR2-like 12 [Source:HGNC Symbol;Acc:HGNC:37169]	ggctgctgcccctgtggctgctgccaccacagctgctcctgctgctgctgCAGCCCAATATCTACAATCAACCAACAAGCCATTATTACCCTCACTGTTA	59.25	0.43	288.93	0.7238	0.9873	0.2	0.79510203251313
HIC2	PI4KA	22	21442855	+	22	20734554	-	ENSG00000169635	ENSG00000241973	3	2	70.97		intra-chromosomal	hypermethylated in cancer 2 [Source:HGNC Symbol;Acc:HGNC:18595]	phosphatidylinositol 4-kinase, catalytic, alpha [Source:HGNC Symbol;Acc:HGNC:8983]	cccccccgccgctggctgctgctcacatggtgtctgggcccttggcactcGTTCATGCGGGAGATGGCAGGGGCCTGGCACATGACGGTGGAGCAGAAAT	1.6	30.44	4.08	0.7925	0.7674	0.666666666666667	0.789044878607614
ZNF652	ARMC9	17	49295430	-	2	Unable to predict breakpoint position	+	ENSG00000198740	ENSG00000135931	3	22	87	More than 30 homologies found: ENSG00000131143 (52%), ENSG00000050438 (50%), ENSG00000117602 (50%), ENSG00000183784 (50%), ENSG00000183742 (50%), ENSG00000090581 (50%), ENSG00000276848 (50%), ENSG00000276033 (50%), ENSG00000243667 (50%), ENSG00000197808 (50%), ENSG00000189339 (50%), ENSG00000187905 (50%), ENSG00000178752 (50%), ENSG00000170310 (50%), ENSG00000166111 (50%), ENSG00000160785 (50%), ENSG00000154133 (50%), ENSG00000149483 (50%), ENSG00000147601 (50%), ENSG00000140577 (50%), ENSG00000139323 (50%), ENSG00000104970 (50%), ENSG00000100714 (50%), ENSG00000085117 (50%), ENSG00000072609 (50%), ENSG00000196208 (50%), ENSG00000184900 (50%), ENSG00000174792 (50%), ENSG00000171208 (50%), ENSG00000168172 (50%)	inter-chromosomal	zinc finger protein 652 [Source:HGNC Symbol;Acc:HGNC:29147]	armadillo repeat containing 9 [Source:HGNC Symbol;Acc:HGNC:20730]	aggaaaaccagtattaagcaaataccaccatccttaacagaaacaaaaatGTCAGGAGATCGAGACCATCCTGGCTAACGTGGTGAAACCCCGTCTCTAC	22.38	2.61	18.58	0.7376	0.6317	0.136363636363636	0.751786328338101
MRPS25	NR2C2	3	15049787	-	3	15046906	+	ENSG00000131368	ENSG00000177463	3	1	113.29	ENSG00000088325 (51%), ENSG00000167553 (45%), ENSG00000099337 (50%), ENSG00000106397 (51%), ENSG00000005884 (51%), ENSG00000150712 (56%), ENSG00000175414 (41%), ENSG00000249437 (46%), ENSG00000162944 (41%), ENSG00000117505 (40%), ENSG00000131669 (41%), ENSG00000164035 (53%), ENSG00000189233 (41%), ENSG00000138443 (43%), ENSG00000106400 (35%), ENSG00000163840 (41%), ENSG00000197822 (40%), ENSG00000257950 (34%), ENSG00000123352 (41%), ENSG00000065135 (38%), ENSG00000205268 (41%), ENSG00000101236 (34%), ENSG00000135930 (35%)	Cis	mitochondrial ribosomal protein S25 [Source:HGNC Symbol;Acc:HGNC:14511]	nuclear receptor subfamily 2, group C, member 2 [Source:HGNC Symbol;Acc:HGNC:7972]	gctggagtgagccatgactgtaccactgcattccagcctgggtgacggagCAAGACNGGGTTGGTTTGGGTCTTTTGTACACAGGGTCTGGACCTTCTCA	14.51	4.97	8.44	0.6962	1	0.333333333333333	0.750433908051276
HOXC6	HOXC4	12	53995015	+	12	54053159	+	ENSG00000197757	ENSG00000198353	3	1	111.88	ENSG00000180806 (51%), ENSG00000250133 (51%)	intra-chromosomal	homeobox C6 [Source:HGNC Symbol;Acc:HGNC:5128]	homeobox C4 [Source:HGNC Symbol;Acc:HGNC:5126]	agggacagagtcttctgggtctctctgcctgaggccctggagggagagaaGCGGGGGCTCAACCCCCAGACCTCCAGAAATGACGTCAGAATCATTTGCA	5.06	9.78	1.73	0.4868	0.679	0.333333333333333	0.74151381315627
DHRS2	MTRNR2L8	14	23642894	+	11	10508616	-	ENSG00000100867	ENSG00000255823	3	176	144.77		inter-chromosomal	dehydrogenase/reductase (SDR family) member 2 [Source:HGNC Symbol;Acc:HGNC:18349]	MT-RNR2-like 8 [Source:HGNC Symbol;Acc:HGNC:37165]	ggcatgacccactgcccccagtccccattttctttaaaaggcctgaacatATAACTGAACTCCTTGCACCCAATTGGACCAATCTATTACCCTATAGAAG	51.42	0	14.22	0.2002	0.2536	0.0170454545454545	0.732279065924917
RPL4	MTRNR2L8	15	66500113	-	11	10508964	-	ENSG00000174444	ENSG00000255823	3	1	160.67	ENSG00000269028 (53%), ENSG00000256618 (53%), ENSG00000256222 (44%)	inter-chromosomal	ribosomal protein L4 [Source:HGNC Symbol;Acc:HGNC:10353]	MT-RNR2-like 8 [Source:HGNC Symbol;Acc:HGNC:37165]	gcagagtcctaaagaagaacccactgaaaaacttgagaatcatgttgaagCTAAGACCCCCGAAACCAGACGAGCTACCTAAGAACAGCTAAAAGAGCAC	129.43	0	126.93	0.6145	0.9231	0.333333333333333	0.730684664268569
ZMYND8	CEP250	20	47224318	-	20	35490636	+	ENSG00000101040	ENSG00000126001	49	30	111.29		intra-chromosomal	zinc finger, MYND-type containing 8 [Source:HGNC Symbol;Acc:HGNC:9397]	centrosomal protein 250kDa [Source:HGNC Symbol;Acc:HGNC:1859]	cctgccagcaagcccactggcctgagcacatgaagtcctgcacccagtcaGGAGAAGGAGCGCTCCTGGCACCAGCAGGAGCTGGCAAAGGCTCTGGAGA	56.94	27.5	74.7	0.6145	0.5612	0.612244897959184	0.72161179557335
SNRNP200	MTRNR2L8	2	96278813	-	11	10508957	-	ENSG00000144028	ENSG00000255823	3	1	148.08	ENSG00000269028 (50%), ENSG00000256618 (50%), ENSG00000256222 (45%)	inter-chromosomal	small nuclear ribonucleoprotein 200kDa (U5) [Source:HGNC Symbol;Acc:HGNC:30859]	MT-RNR2-like 8 [Source:HGNC Symbol;Acc:HGNC:37165]	ggacctttctgtaccgccgcatgacacagaaccccaattactacaacctgCCCCGAAACCAGACGAGCTACCTAAGAACAGCTAAAAGAGCACACCCGTC	32.52	0	3.31	0.5335	0.7717	0.333333333333333	0.712751193475912
ZNF782	ZNF510	9	96851947	-	9	96776245	-	ENSG00000196597	ENSG00000081386	3	1	175.4		Read-Through	zinc finger protein 782 [Source:HGNC Symbol;Acc:HGNC:33110]	zinc finger protein 510 [Source:HGNC Symbol;Acc:HGNC:29161]	tacagttctctatactctcccaagagccacagaaaatgaacacatttcagGAAGGAGGGAGCCCCAGGAACAGGAGTCCCACCGAAGAACTGCTCTCTGA	0.76	2.14	1.54	0.4355	0.5823	0.333333333333333	0.709079118812959
RPL36A	RPL36A-HNRNPH2	X	101391545	+	X	101391507	+	ENSG00000241343	ENSG00000257529	6	3	95.79		Read-Through	ribosomal protein L36a [Source:HGNC Symbol;Acc:HGNC:10359]	RPL36A-HNRNPH2 readthrough [Source:HGNC Symbol;Acc:HGNC:48349]	agtgtggcaagcaccaaccccataaagtgacacagtacaagaagggcaagCACCAACCCCATAAAGTGACACAGTACAAGAAGGGCAAGGATTCTCTGTA	1.92	0.14	16.19	0.6763	0.9516	0.5	0.699250182753135
EIF5AL1	EIF5A	10	79513126	+	17	7311596	+	ENSG00000253626	ENSG00000132507	9	1	123		inter-chromosomal	eukaryotic translation initiation factor 5A-like 1 [Source:HGNC Symbol;Acc:HGNC:17419]	eukaryotic translation initiation factor 5A [Source:HGNC Symbol;Acc:HGNC:3300]	aggaggcagctgttgcaatcaaggccatggcaaaataactggctcccaagATGACAGAGGAGGCAGCTGTTGCAATCAAGGCCATGGCAAAATAACTGGC	10.25	97.73	614.39	0.7606	0.9231	0.111111111111111	0.691746359430868
SMARCA4	MTRNR2L12	19	11062039	+	3	96617761	-	ENSG00000127616	ENSG00000269028	3	85	131.45	ENSG00000255823 (51%)	inter-chromosomal	SWI/SNF related, matrix associated, actin dependent regulator of chromatin, subfamily a, member 4 [Source:HGNC Symbol;Acc:HGNC:11100]	MT-RNR2-like 12 [Source:HGNC Symbol;Acc:HGNC:37169]	ccctgtcctggcatcagtagcatctgtaacagcattaactgtcttaaagaGAGAGTAAAAAATTTAATACCCATAGTAGGCCTAAAAGCAGCCACCAATT	7.14	0.43	16.37	0.7143	0.3498	0.0352941176470588	0.681090034389241
MED1	STXBP4	17	39451038	-	17	55141310	+	ENSG00000125686	ENSG00000166263	20	20	93.31		intra-chromosomal	mediator complex subunit 1 [Source:HGNC Symbol;Acc:HGNC:9234]	syntaxin binding protein 4 [Source:HGNC Symbol;Acc:HGNC:19694]	gatctagcttctcctcgccttcaggatgaaagctcagggggaaaccgaggGTTTACCTTATGGGTGGGAGGAAGCTTACACAGCAGATGGAATCAAGTAC	1.51	3.83	80.04	0.7735	0.6506	1	0.666590688445811
CTSD	IFITM10	11	1753533	-	11	1748119	-	ENSG00000117984	ENSG00000244242	5	2	135.3		Read-Through	cathepsin D [Source:HGNC Symbol;Acc:HGNC:2529]	interferon induced transmembrane protein 10 [Source:HGNC Symbol;Acc:HGNC:40022]	acgtcttcatcggccgctactacactgtgtttgaccgtgacaacaacaggGCCCAGGGCCCCGGCCAGTGCCCAGCCCCGCTGGGAGACCCGGCCAGCAC	145.27	0.95	200.21	0.7824	0.5822	0.4	0.659838183475622
YWHAB	MTRNR2L12	20	44906527	+	3	96617439	-	ENSG00000166913	ENSG00000269028	6	56	287.13	ENSG00000256222 (59%), ENSG00000255823 (60%), ENSG00000256045 (58%), ENSG00000256892 (58%)	inter-chromosomal	tyrosine 3-monooxygenase/tryptophan 5-monooxygenase activation protein, beta [Source:HGNC Symbol;Acc:HGNC:12849]	MT-RNR2-like 12 [Source:HGNC Symbol;Acc:HGNC:37169]	accctcaacatatatcccttgtgcgataaaaaaaaaaaaaaaaaaaaaaaAAAGGAACTCGGCAAATCTTACCCCGCCTGTTTACCAAAAACATCACCTC	27.08	0.43	5.25	0.823	0.6845	0.107142857142857	0.640778889709374
RPL5	MTRNR2L12	1	92840614	+	3	96617983	-	ENSG00000122406	ENSG00000269028	3	1	159.76	ENSG00000255823 (51%), ENSG00000256618 (51%), ENSG00000282017 (48%), ENSG00000270672 (48%)	inter-chromosomal	ribosomal protein L5 [Source:HGNC Symbol;Acc:HGNC:10360]	MT-RNR2-like 12 [Source:HGNC Symbol;Acc:HGNC:37169]	taagaaagctcatgctgctatacgagagaatccagtctatgaaaagaagcCTAAGAACAGCTAAAAGAGCACACCCGTCTATGTAGCAAAATAGTGGGAA	73.72	0.43	65.97	0.6324	0.9501	0.333333333333333	0.629987144876011
ERBB4	ERBB2	2	211424155	-	17	39726562	+	ENSG00000178568	ENSG00000141736	3	996	83.8		inter-chromosomal	erb-b2 receptor tyrosine kinase 4 [Source:HGNC Symbol;Acc:HGNC:3432]	erb-b2 receptor tyrosine kinase 2 [Source:HGNC Symbol;Acc:HGNC:3430]	gcctcagcctcccatctgcactattgacgtttacatggtcatggtcaaatGTTGGATGATTGACTCTGAATGTCGGCCAAGATTCCGGGAGTTGGTGTCT	0.58	141.05	764.94	0.7944	0.9078	0.00301204819277108	0.62542949316807
NCL	HSP90AA1	2	231459001	-	14	102084912	-	ENSG00000115053	ENSG00000080824	3	21	94.59		inter-chromosomal	nucleolin [Source:HGNC Symbol;Acc:HGNC:7667]	heat shock protein 90kDa alpha (cytosolic), class A member 1 [Source:HGNC Symbol;Acc:HGNC:5253]	tggcaatgaaattaaactagagaaaccaaaaggaaaagacagtaagaaagAGAGTCGGAAGACAAACCTGAAATTGAAGATGTTGGTTCTGATGAGGAAG	0.2	79.9	276.69	0.181	0.2307	0.142857142857143	0.610516962194873
SAFB2	SAFB	19	5611214	-	19	5649361	+	ENSG00000130254	ENSG00000160633	12	3	114.45		Cis	scaffold attachment factor B2 [Source:HGNC Symbol;Acc:HGNC:21605]	scaffold attachment factor B [Source:HGNC Symbol;Acc:HGNC:10520]	cgcagaagcacccacggaagccccaagcccagaagccagagatagcaaagAAGCACCCACGGAAGCCCCAAGCCCAGAAGCCAGAGATAGCAAAGAAGAC	15.72	21.95	14.79	0.5029	0.7037	0.25	0.608001136079546
BOLA2B	SMG1	16	30193358	-	16	18879719	-	ENSG00000169627	ENSG00000157106	5	24	99.51	ENSG00000183336 (51%)	intra-chromosomal	bolA family member 2B [Source:HGNC Symbol;Acc:HGNC:32479]	SMG1 phosphatidylinositol 3-kinase-related kinase [Source:HGNC Symbol;Acc:HGNC:30045]	ctggtggtgtcggccaagttcgaggggaaaccgctgcttcagagacacagGTTCTGTACAGAGTAATGAGATGTGTGACGGCTGCAAACCAGGTGTTTTT	1.03	8.65	56.53	0.7656	0.703	0.208333333333333	0.607127146927917
PIK3R2	MTRNR2L12	19	18170460	+	3	96618236	-	ENSG00000105647	ENSG00000269028	3	2	109.82		inter-chromosomal	phosphoinositide-3-kinase, regulatory subunit 2 (beta) [Source:HGNC Symbol;Acc:HGNC:8980]	MT-RNR2-like 12 [Source:HGNC Symbol;Acc:HGNC:37169]	ttttgggacaagagccctggttttctacgctgcccttggccaccacactgAGCCAAACCTAGCCCTAAACCCGTTCCACCTTACTATCAAATAACCTTAA	16.05	0.43	21.03	0.0909	0.184	0.666666666666667	0.603342828846446
TMEM63A	EPHX1	1	225845569	-	1	225845145	+	ENSG00000196187	ENSG00000143819	11	7	107.57		Cis	transmembrane protein 63A [Source:HGNC Symbol;Acc:HGNC:29118]	epoxide hydrolase 1, microsomal (xenobiotic) [Source:HGNC Symbol;Acc:HGNC:3401]	cacagggggccccatgtggggtcagcgcacgctcatgtcactgagttccaGGATGAAGGTCTATGTGCCCACTGGCTTCTCTGCCTTCCCTTTTGAGCTA	14.52	32.34	22.49	0.1565	0.2195	0.636363636363636	0.603342828846446
FAM78A	TXNL4A	9	Unable to predict breakpoint position	-	18	Unable to predict breakpoint position	-	ENSG00000126882	ENSG00000141759	3	1	98.31	More than 30 homologies found: ENSG00000244005 (55%), ENSG00000223496 (55%), ENSG00000197093 (55%), ENSG00000065357 (55%), ENSG00000012061 (56%), ENSG00000167985 (55%), ENSG00000133816 (56%), ENSG00000100034 (55%), ENSG00000133059 (70%), ENSG00000196391 (55%), ENSG00000165055 (59%), ENSG00000145592 (55%), ENSG00000077721 (56%), ENSG00000172766 (55%), ENSG00000103852 (56%), ENSG00000163872 (56%), ENSG00000119946 (56%), ENSG00000119689 (56%), ENSG00000108846 (56%), ENSG00000104894 (56%), ENSG00000180815 (53%), ENSG00000151466 (53%), ENSG00000065135 (53%), ENSG00000059145 (53%), ENSG00000105609 (54%), ENSG00000070785 (54%), ENSG00000133028 (53%), ENSG00000176407 (54%), ENSG00000144040 (55%), ENSG00000134202 (54%)	inter-chromosomal	family with sequence similarity 78, member A [Source:HGNC Symbol;Acc:HGNC:25465]	thioredoxin-like 4A [Source:HGNC Symbol;Acc:HGNC:30551]	tatgatctcggctcactgcaacctctgcctcccaggttcaagcgattctcCAGCCTGGCCAACATGGTGAAATCCCGTCTCTACTAAAAATACAAAAATT	0.55	14.69	21.15	0.5107	0.7261	0.333333333333333	0.598133482756199
SLC9A3R1	MTRNR2L12	17	74749132	+	3	96617992	-	ENSG00000109062	ENSG00000269028	4	2	90.78	ENSG00000255823 (51%), ENSG00000256618 (51%)	inter-chromosomal	solute carrier family 9, subfamily A (NHE3, cation proton antiporter 3), member 3 regulator 1 [Source:HGNC Symbol;Acc:HGNC:11075]	MT-RNR2-like 12 [Source:HGNC Symbol;Acc:HGNC:37169]	ccgcgccgcactcaacgccgtgcgcctgctggtggtcgaccccgagacggACGAGCTACCTAAGAACAGCTAAAAGAGCACACCCGTCTATGTAGCAAAA	80.5	0.43	342.42	0.6145	0.6267	0.5	0.59754521234549
RPS15A	MTRNR2L12	16	18789060	-	3	96618111	-	ENSG00000134419	ENSG00000269028	5	1	85.6	ENSG00000154518 (51%), ENSG00000255823 (43%)	inter-chromosomal	ribosomal protein S15a [Source:HGNC Symbol;Acc:HGNC:10389]	MT-RNR2-like 12 [Source:HGNC Symbol;Acc:HGNC:37169]	tgcgcatgaatgtcctggcagatgctctcaagagtatcaacaatgccgaaAAGATGAAAAATTATAACCAAGCATAATACAGCAAGGACTAACCCCTGTA	59.16	0.43	152.45	0.1332	0.2125	0.2	0.593278120139721
GLB1	CMTM7	3	33014057	-	3	32441839	+	ENSG00000170266	ENSG00000153551	6	6	111.91		intra-chromosomal	galactosidase, beta 1 [Source:HGNC Symbol;Acc:HGNC:4298]	CKLF-like MARVEL transmembrane domain containing 7 [Source:HGNC Symbol;Acc:HGNC:19178]	atcccagacttgccccaggacacctttatccagtttcctggatggaccaaGGTCACCCTGCTGATTGCCTTCATCTGTGTGCGGAGCTCCCTGTGGACCA	8.72	1.67	13.92	0.5509	0.4872	1	0.589495908626326
TIMM10B	DNHD1	11	6482289	+	11	6497585	+	ENSG00000132286	ENSG00000179532	4	1	96.19		Read-Through	translocase of inner mitochondrial membrane 10 homolog B (yeast) [Source:HGNC Symbol;Acc:HGNC:4022]	dynein heavy chain domain 1 [Source:HGNC Symbol;Acc:HGNC:26532]	aggaaggccttggatggaccctcagattgaaggacccggtggaccttgggGCGATCGCCAGCTCGAGTGCAGATTCCTTGCTGTGACCGAGGTTCAGAGT	24.45	3.21	21.23	0.5335	0.7717	0.25	0.586782611592922
TPTE	ZNF217	21	10521694	+	20	53583168	-	ENSG00000274391	ENSG00000171940	4	1	75.64		inter-chromosomal	transmembrane phosphatase with tensin homology [Source:HGNC Symbol;Acc:HGNC:12023]	zinc finger protein 217 [Source:HGNC Symbol;Acc:HGNC:13009]	cccggcggctctagggacccccggcgcctacacttagctccgcgcccgagGGTTTGGAAATCCCTTGTCTCCAGGTTGCTGGGATTGACTTCTTGCTCAA	0.08	34.92	6.34	0.7824	0.8549	0.25	0.580468183113364
FAM110A	RPS10-NUDT3	20	844836	+	6	34424721	-	ENSG00000125898	ENSG00000270800	3	1	52.19	ENSG00000124614 (50%)	inter-chromosomal	family with sequence similarity 110, member A [Source:HGNC Symbol;Acc:HGNC:16188]	RPS10-NUDT3 readthrough [Source:HGNC Symbol;Acc:HGNC:49181]	tcgggatatgcagcagccatgcctgtgcacacgctgagccccggagccccGCCTGCCACCCTACGCCGTAGCCGTCCAGAGACTGGCAGGCCTCGGCCTA	26.84	0.29	13.04	0.5335	0.7717	0.333333333333333	0.579482792019765
RPLP0	LASP1	12	120200242	-	17	38916372	+	ENSG00000089157	ENSG00000002834	3	1	107.49	More than 30 homologies found: ENSG00000198380 (49%), ENSG00000135452 (51%), ENSG00000121895 (51%), ENSG00000167378 (52%), ENSG00000119638 (51%), ENSG00000175106 (51%), ENSG00000121064 (51%), ENSG00000172007 (46%), ENSG00000169249 (46%), ENSG00000162944 (46%), ENSG00000153391 (46%), ENSG00000120253 (46%), ENSG00000169247 (46%), ENSG00000127511 (50%), ENSG00000169398 (51%), ENSG00000135900 (49%), ENSG00000107745 (51%), ENSG00000183044 (49%), ENSG00000204138 (50%), ENSG00000197937 (50%), ENSG00000169105 (50%), ENSG00000132128 (50%), ENSG00000177225 (50%), ENSG00000253731 (50%), ENSG00000184271 (50%), ENSG00000137642 (50%), ENSG00000108651 (50%), ENSG00000219607 (50%), ENSG00000197121 (50%), ENSG00000176046 (50%)	inter-chromosomal	ribosomal protein, large, P0 [Source:HGNC Symbol;Acc:HGNC:10371]	LIM and SH3 protein 1 [Source:HGNC Symbol;Acc:HGNC:6513]	agggattcaccatgttggccaggatggtctcgatctcttgacttcatgatCAACATGGTGAAACCCCCTGTCTACCAAAAATACAAAAATTAGCCAGGTG	59.25	0	74.19	0.6145	0.9231	0.333333333333333	0.56823469571257
UQCRH	UQCRHL	1	46303801	+	1	15807669	-	ENSG00000173660	ENSG00000233954	61	10	147.22		intra-chromosomal	ubiquinol-cytochrome c reductase hinge protein [Source:HGNC Symbol;Acc:HGNC:12590]	ubiquinol-cytochrome c reductase hinge protein like [Source:HGNC Symbol;Acc:HGNC:51714]	gaaccgtagccagacatgggactggaggacgagcaaaagatgcttaccgaATCTAGAACCGTAGCCAGACATGGGACTGGAGGACGAGCAAAAGATGCTT	53.87	3.1	267.57	0.8634	0.545	0.163934426229508	0.564407159195326
ZFAT	PPP1R3F	8	Unable to predict breakpoint position	-	X	49301351	+	ENSG00000066827	ENSG00000049769	4	29	79.83	ENSG00000196263 (52%), ENSG00000224659 (52%), ENSG00000216649 (52%), ENSG00000120210 (50%), ENSG00000196600 (43%)	inter-chromosomal	zinc finger and AT hook domain containing [Source:HGNC Symbol;Acc:HGNC:19899]	protein phosphatase 1, regulatory subunit 3F [Source:HGNC Symbol;Acc:HGNC:14944]	cgtcccagaggggcacctgccagatgccagccagagctctcctgtatgagGTGAAAAGCAATCACGGAGTTAAAAGAAGACAAGCTGAAATGATGCAGGC	2.13	6.46	28.77	0.5897	0.5915	0.137931034482759	0.558074473407385
PLP2	PRICKLE3	X	49175239	+	X	49175693	-	ENSG00000102007	ENSG00000012211	3	1	84.83		Cis	proteolipid protein 2 (colonic epithelium-enriched) [Source:HGNC Symbol;Acc:HGNC:9087]	prickle homolog 3 [Source:HGNC Symbol;Acc:HGNC:6645]	ccaggcctgttttacaacaaatattaaattacttcaataatacaaacgagAAGAACTGCATCGTGGCTTGAAGGCAGGCCGTCCTGGAGGGGGCTCCATT	146.79	5.76	5.42	0.408	0.5341	0.333333333333333	0.552872014922186
FAM83E	RAD23B	19	Unable to predict breakpoint position	-	9	107331365	+	ENSG00000105523	ENSG00000119318	6	25	91.92	More than 30 homologies found: ENSG00000137413 (103%), ENSG00000160613 (97%), ENSG00000185829 (97%), ENSG00000167037 (98%), ENSG00000126070 (91%), ENSG00000077264 (95%), ENSG00000021574 (89%), ENSG00000167555 (91%), ENSG00000111696 (94%), ENSG00000141971 (84%), ENSG00000136478 (91%), ENSG00000144218 (103%), ENSG00000166900 (100%), ENSG00000187147 (95%), ENSG00000167637 (90%), ENSG00000166946 (87%), ENSG00000148296 (84%), ENSG00000184226 (85%), ENSG00000188783 (100%), ENSG00000133884 (85%), ENSG00000144554 (92%), ENSG00000077454 (64%), ENSG00000184743 (69%), ENSG00000250305 (58%), ENSG00000147488 (95%), ENSG00000168679 (64%), ENSG00000165795 (88%), ENSG00000160991 (59%), ENSG00000087266 (86%), ENSG00000188227 (59%)	inter-chromosomal	family with sequence similarity 83, member E [Source:HGNC Symbol;Acc:HGNC:25972]	RAD23 homolog B, nucleotide excision repair protein [Source:HGNC Symbol;Acc:HGNC:9813]	caacatagtgagaccccatctctacaattaaaaaaacaaattagttgggtTGGTGGCGCACGCCTGTGGTCCCAGCTACTTGGGAGGCTGAGGCATGAGA	18.8	100.99	18.45	0.7618	0.856	0.24	0.548606905554573
EIF3C	EIF3CL	16	28723229	+	16	28392141	-	ENSG00000184110	ENSG00000205609	4	8	101.22		intra-chromosomal	eukaryotic translation initiation factor 3, subunit C [Source:HGNC Symbol;Acc:HGNC:3279]	eukaryotic translation initiation factor 3, subunit C-like [Source:HGNC Symbol;Acc:HGNC:26347]	gaggacaagaaggcagccgagaagaaacgggaggacaaagctaagaagaaGCACCCACCACAGATGAGGACAAGAAGGCAGCCGAGAAGAAACGGGAGGA	5.16	102.54	3.97	0.6557	0.8342	0.5	0.534413909389365
GOLGA2	ZNF485	9	128258744	-	10	43617719	+	ENSG00000167110	ENSG00000198298	3	106	102.49	More than 30 homologies found: ENSG00000198015 (80%), ENSG00000119820 (70%), ENSG00000174720 (66%), ENSG00000154174 (55%), ENSG00000068489 (55%), ENSG00000198740 (51%), ENSG00000102934 (45%), ENSG00000130779 (44%), ENSG00000278053 (45%), ENSG00000277594 (45%), ENSG00000103051 (46%), ENSG00000089053 (46%), ENSG00000144645 (45%), ENSG00000073060 (45%), ENSG00000162704 (46%), ENSG00000102786 (46%), ENSG00000171262 (43%), ENSG00000183648 (45%), ENSG00000172766 (45%), ENSG00000114126 (45%), ENSG00000175782 (45%), ENSG00000164070 (45%), ENSG00000148660 (45%), ENSG00000112078 (45%), ENSG00000002587 (45%), ENSG00000185842 (45%), ENSG00000179364 (45%), ENSG00000169169 (45%), ENSG00000144730 (45%), ENSG00000083312 (45%)	inter-chromosomal	golgin A2 [Source:HGNC Symbol;Acc:HGNC:4425]	zinc finger protein 485 [Source:HGNC Symbol;Acc:HGNC:23440]	atgaagcaggtcagaactcccatgctgatcggtagtgggactgcacctggGAATAGCCACTGCACTCCAGCCTGGGCAACATAGCAAGACTCCATCTCTA	56.55	2.5	238.82	0.7879	0.8358	0.0283018867924528	0.533389138548972
COPA	MTRNR2L12	1	160297719	-	3	96617544	-	ENSG00000122218	ENSG00000269028	3	483	105.78	ENSG00000255823 (50%)	inter-chromosomal	coatomer protein complex, subunit alpha [Source:HGNC Symbol;Acc:HGNC:2230]	MT-RNR2-like 12 [Source:HGNC Symbol;Acc:HGNC:37169]	cactggagtgtggaaacattgagattgctctggaagcagccaaagcactgAACTGACAATTAACAGCCCAATATCTACAATCAACCAACAAGCCATTATT	54.98	0.43	40.64	0.6801	0.3357	0.0062111801242236	0.517570004473036
FAU	MTRNR2L12	11	65120634	-	3	96617410	-	ENSG00000149806	ENSG00000269028	3	2	156.45	ENSG00000255823 (50%), ENSG00000256045 (50%), ENSG00000282017 (50%), ENSG00000270672 (50%), ENSG00000232196 (50%), ENSG00000256222 (45%), ENSG00000270394 (41%)	inter-chromosomal	Finkel-Biskis-Reilly murine sarcoma virus (FBR-MuSV) ubiquitously expressed [Source:HGNC Symbol;Acc:HGNC:3597]	MT-RNR2-like 12 [Source:HGNC Symbol;Acc:HGNC:37169]	taagtcttttgtaattctggctttctctaataaaaaagccacttagttcaGTTTACCAAAAACATCACCTCTAGCATTATCAGTATTAGAGGCACCGCCT	4.98	0.43	454.93	0.5552	0.5844	0.666666666666667	0.50722324249261
HSP90AB1	MTRNR2L12	6	44253346	+	3	96618207	-	ENSG00000096384	ENSG00000269028	3	5	102.62	ENSG00000256618 (59%)	inter-chromosomal	heat shock protein 90kDa alpha (cytosolic), class B member 1 [Source:HGNC Symbol;Acc:HGNC:5258]	MT-RNR2-like 12 [Source:HGNC Symbol;Acc:HGNC:37169]	gccctgctatcttctggcttttcccttgaggatccccagacccactccaaCTTACTATCAAATAACCTTAACCAAACCATTTACCCAAATAAAGTATAGG	0.03	0.43	130.3	0.6495	0.5449	0.6	0.500129521442396
