"sample","fusion genes","chrom1","base1","chrom2","base2","gap (kb)","spanning pairs","spanning reads","inframe","aligns","rearrangement","contig","contig break","classification","known"
"jaffa-direct","FGFR2:COL14A1","chr10",123243212,"chr8",121301847,Inf,"2744",257,TRUE,TRUE,TRUE,"C19C7ACXX121128:3:2307:14656:71173/1/1",43,"HighConfidence","-"
"jaffa-direct","TATDN1:DEPTOR","chr8",125527987,"chr8",121013764,4514.224,"174",831,FALSE,TRUE,TRUE,"Locus_1_Transcript_19989/25939_Confidence_0.000_Length_4383",1041,"HighConfidence","-"
"jaffa-direct","FGFR2:COL14A1","chr10",123243212,"chr8",121322248,Inf,"422",2,TRUE,TRUE,TRUE,"C19U6ACXX121211:6:1308:7598:74597/1/1",52,"HighConfidence","-"
"jaffa-direct","TATDN1:DEPTOR","chr8",125551266,"chr8",121013764,4537.503,"306",18,TRUE,TRUE,TRUE,"C19C7ACXX121128:1:1202:7986:22785/2/2",47,"HighConfidence","-"
"jaffa-direct","FGFR2:COL14A1","chr10",123274631,"chr8",121322248,Inf,"211",1,TRUE,TRUE,TRUE,"D1JPNACXX121217:6:1204:4647:92437/2/2",43,"HighConfidence","-"
"jaffa-direct","FGFR2:COL14A1","chr10",123279493,"chr8",121344380,Inf,"211",1,TRUE,TRUE,TRUE,"D1EDCACXX121128:3:2214:16166:3428/1/1",37,"HighConfidence","-"
"jaffa-direct","FGFR2:COL14A1","chr10",123353223,"chr8",121160045,Inf,"211",1,FALSE,TRUE,TRUE,"C19KCACXX121210:5:1310:13041:25960/1/1",48,"HighConfidence","-"
"jaffa-direct","FGFR2:COL14A1","chr10",123353223,"chr8",121379410,Inf,"211",1,TRUE,TRUE,TRUE,"C19U6ACXX121211:6:2301:6016:64301/2/2",52,"HighConfidence","-"
"jaffa-direct","TATDN1:DEPTOR","chr8",125528128,"chr8",121013764,4514.367,"40",68,TRUE,TRUE,TRUE,"Locus_1_Transcript_19994/25939_Confidence_0.000_Length_4264",922,"HighConfidence","-"
"jaffa-direct","TATDN1:DEPTOR","chr8",125551169,"chr8",121013764,4537.404,"102",6,FALSE,TRUE,TRUE,"C19KCACXX121210:7:2305:7301:76554/2/2",61,"HighConfidence","-"
"jaffa-direct","TATDN1:DEPTOR","chr8",125531059,"chr8",121013764,4517.299,"16",86,TRUE,TRUE,TRUE,"Locus_1_Transcript_19995/25939_Confidence_0.000_Length_4120",778,"HighConfidence","-"
"jaffa-direct","TATDN1:DEPTOR","chr8",125551266,"chr8",121015216,4536.051,"17",1,TRUE,TRUE,TRUE,"D1EDCACXX121128:2:2103:15712:63009/1/1",37,"HighConfidence","-"
"jaffa-direct","TATDN1:DEPTOR","chr8",125535178,"chr8",121013764,4521.414,"16",1,TRUE,TRUE,TRUE,"D1JPNACXX121217:7:1114:15168:21356/2/2",63,"HighConfidence","-"
"jaffa-direct","RP11-680G10.1:GSE1","chr16",85391249,"chr16",85682158,290.914,"7",9,TRUE,TRUE,FALSE,"C19KCACXX121210:3:2310:16337:55610/1/1",46,"HighConfidence","-"
"jaffa-direct","UBE3A:ATP10A","chr15",25683636,"chr15",25981288,297.649,"3",12,FALSE,TRUE,TRUE,"Locus_574_Transcript_17/69_Confidence_0.044_Length_1292",318,"HighConfidence","-"
"jaffa-direct","LINC01014:KCNMB2","chr3",178137163,"chr3",178512930,375.772,"3",9,FALSE,TRUE,FALSE,"Locus_1699_Transcript_26/27_Confidence_0.293_Length_2594",2305,"HighConfidence","-"
"jaffa-direct","MTSS1:COL14A1","chr8",125711767,"chr8",121379410,4332.355,"7",2,TRUE,TRUE,TRUE,"C19C7ACXX121128:8:1302:17768:91598/1/1",62,"HighConfidence","-"
"jaffa-direct","IDS:CXorf40A","chrX",148571845,"chrX",148623564,51.718,"3",3,FALSE,TRUE,TRUE,"C19KCACXX121210:4:1311:1830:57294/2/2",44,"HighConfidence","-"
"jaffa-direct","MTSS1:DEPTOR","chr8",125597328,"chr8",121061815,4535.516,"3",1,FALSE,TRUE,TRUE,"C19C7ACXX121128:3:1103:11034:45184/1/1",59,"HighConfidence","-"
"jaffa-direct","MTSS1:COL14A1","chr8",125711767,"chr8",121170369,4541.4,"3",1,TRUE,TRUE,TRUE,"D1JPNACXX121217:2:2216:12167:8605/1/1",38,"HighConfidence","-"
"jaffa-direct","UCK2:TMCO1","chr1",165797169,"chr1",165723511,73.655,"2",1,FALSE,TRUE,TRUE,"D1EDCACXX121128:6:2201:1997:2327/1/1",63,"HighConfidence","-"
"jaffa-direct","FGFR2:ATE1","chr10",123298106,"chr10",123503373,205.265,"2",1,TRUE,TRUE,TRUE,"C19KCACXX121210:5:1213:2019:81596/1/1",57,"HighConfidence","-"
"jaffa-direct","RP11-155G15.2:RP11-1E3.1","chr5",96767604,"chr5",97004255,236.654,"2",1,FALSE,TRUE,FALSE,"Locus_1_Transcript_5447/25939_Confidence_0.000_Length_550",269,"HighConfidence","-"
"jaffa-direct","RP11-120D5.1:MID1","chrX",11125021,"chrX",10535643,589.382,"2",1,FALSE,TRUE,FALSE,"D1JPNACXX121217:5:1209:17810:11603/1/1",55,"HighConfidence","-"
"jaffa-direct","FGFR2:MRPL13","chr10",123353223,"chr8",121444363,Inf,"1",2,TRUE,TRUE,TRUE,"C19C7ACXX121128:4:1209:7018:72142/1/1",67,"HighConfidence","-"
"jaffa-direct","MTSS1:NSMCE2","chr8",125711767,"chr8",126163413,451.647,"1",1,TRUE,TRUE,TRUE,"D1JPNACXX121217:1:2108:5532:65419/2/2",36,"HighConfidence","-"
"jaffa-direct","MTSS1:NSMCE2","chr8",125711767,"chr8",126369461,657.697,"1",1,TRUE,TRUE,TRUE,"C19C7ACXX121128:1:1203:13408:65676/2/2",45,"HighConfidence","-"
"jaffa-direct","ZNF581:ZNF331","chr19",56147078,"chr19",54079951,2067.125,"1",1,FALSE,TRUE,TRUE,"C19U6ACXX121211:4:2316:19035:22935/1/1",58,"HighConfidence","-"
"jaffa-direct","RP11-268G12.1:CHMP1A","chrX",27416868,"chr16",89713739,Inf,"1",1,FALSE,TRUE,TRUE,"C19U6ACXX121211:4:2209:19172:47085/1/1",50,"HighConfidence","-"
"jaffa-direct","NUCKS1:PM20D1","chr1",205696828,"chr1",205801894,105.063,"0",12,FALSE,TRUE,TRUE,"Locus_1023_Transcript_77/148_Confidence_0.035_Length_1501",477,"MediumConfidence","Yes"
"jaffa-direct","CHGB:NCOR2","chr20",5904746,"chr12",124839383,Inf,"0",8,FALSE,TRUE,TRUE,"Locus_1_Transcript_25855/25939_Confidence_0.001_Length_12085",1264,"MediumConfidence","-"
"jaffa-direct","NUCKS1:PM20D1","chr1",205696828,"chr1",205799507,102.675,"0",6,FALSE,TRUE,TRUE,"Locus_1023_Transcript_76/148_Confidence_0.029_Length_1234",379,"MediumConfidence","Yes"
"jaffa-direct","SAMD5:SASH1","chr6",147830523,"chr6",148711270,880.75,"-",5,TRUE,TRUE,FALSE,"Locus_1319_Transcript_183/452_Confidence_0.007_Length_5056",185,"MediumConfidence","-"
"jaffa-direct","NPLOC4:PDE6G","chr17",79580344,"chr17",79618715,38.37,"-",4,TRUE,TRUE,TRUE,"Locus_1_Transcript_6082/25939_Confidence_0.000_Length_623",500,"MediumConfidence","Yes"
"jaffa-direct","SLCO1A2:C2CD5","chr12",21572111,"chr12",22637822,1065.71,"-",3,FALSE,TRUE,TRUE,"Locus_6498_Transcript_3/14_Confidence_0.402_Length_3050",2980,"MediumConfidence","-"
"jaffa-direct","FGFR2:MRPL13","chr10",123353223,"chr8",121408364,Inf,"0",3,FALSE,TRUE,TRUE,"C19C7ACXX121128:7:1105:15983:38595/1/1",63,"MediumConfidence","-"
"jaffa-direct","GINS1:ABHD12","chr20",25388531,"chr20",25297714,90.817,"0",2,FALSE,TRUE,TRUE,"C19U6ACXX121211:2:2215:3378:20876/1/1",44,"MediumConfidence","-"
"jaffa-direct","SPTBN1:CAV1","chr2",54786024,"chr7",116199000,Inf,"0",2,FALSE,TRUE,TRUE,"D1EDCACXX121128:1:2206:11739:77451/1/1",70,"MediumConfidence","-"
"jaffa-direct","NQO2:HSD17B12","chr6",3006793,"chr11",43819870,Inf,"0",2,TRUE,TRUE,TRUE,"C19C7ACXX121128:5:2208:11274:49349/1/1",65,"MediumConfidence","-"
"jaffa-direct","HNRNPH1:C5orf60","chr5",179047893,"chr5",179068879,20.983,"0",1,FALSE,TRUE,TRUE,"D1JPNACXX121217:2:1312:9980:30083/2/2",51,"MediumConfidence","-"
"jaffa-direct","ANAPC7:ARPC3","chr12",110832906,"chr12",110873022,40.115,"0",1,TRUE,TRUE,TRUE,"C19U6ACXX121211:1:1208:13663:36554/1/1",46,"MediumConfidence","-"
"jaffa-direct","NDEL1:RP11-849F2.7","chr17",8339363,"chr17",8285633,53.727,"0",1,FALSE,TRUE,TRUE,"D1EDCACXX121128:6:1207:15584:64569/2/2",43,"MediumConfidence","-"
"jaffa-direct","RAB20:CARS2","chr13",111213695,"chr13",111303447,89.748,"0",1,FALSE,TRUE,TRUE,"D1JPNACXX121217:7:1307:18793:11047/1/1",69,"MediumConfidence","-"
"jaffa-direct","SLC30A7:DPH5","chr1",101387397,"chr1",101479374,91.979,"0",1,TRUE,TRUE,TRUE,"C19KCACXX121210:7:1303:10650:98787/1/1",55,"MediumConfidence","-"
"jaffa-direct","AARS:DDX19A","chr16",70305684,"chr16",70405275,99.592,"0",1,FALSE,TRUE,TRUE,"C19C7ACXX121128:2:2101:9109:59891/2/2",46,"MediumConfidence","-"
"jaffa-direct","EPS8:STRAP","chr12",15942095,"chr12",16042862,100.767,"0",1,FALSE,TRUE,TRUE,"D1JPNACXX121217:3:2102:10273:63887/1/1",66,"MediumConfidence","-"
"jaffa-direct","MARCH6:CCT5","chr5",10378944,"chr5",10258223,120.72,"0",1,FALSE,TRUE,TRUE,"D1JPNACXX121217:1:2113:14166:71991/2/2",64,"MediumConfidence","-"
"jaffa-direct","NDUFA4:PHF14","chr7",10979643,"chr7",11150977,171.335,"0",1,FALSE,TRUE,TRUE,"C19C7ACXX121128:7:1105:15396:81513/1/1",53,"MediumConfidence","-"
"jaffa-direct","BRF2:EIF4EBP1","chr8",37706114,"chr8",37914599,208.483,"0",1,TRUE,TRUE,TRUE,"D1EDCACXX121128:3:1201:15156:73270/1/1",32,"MediumConfidence","-"
"jaffa-direct","LARP4:LIMA1","chr12",50794811,"chr12",50575820,218.988,"0",1,TRUE,TRUE,TRUE,"D1EDCACXX121128:2:2307:16714:99915/2/2",35,"MediumConfidence","-"
"jaffa-direct","UBE2I:SSTR5-AS1","chr16",1370518,"chr16",1117043,253.475,"0",1,FALSE,TRUE,TRUE,"C19C7ACXX121128:3:2104:20579:36074/1/1",46,"MediumConfidence","-"
"jaffa-direct","EPS8:DERA","chr12",15865787,"chr12",16135242,269.453,"0",1,FALSE,TRUE,TRUE,"C19U6ACXX121211:4:1216:1390:29849/2/2",56,"MediumConfidence","-"
"jaffa-direct","ZNF260:ZNF146","chr19",37016057,"chr19",36726561,289.494,"0",1,FALSE,TRUE,TRUE,"C19C7ACXX121128:2:2310:4659:40599/1/1",65,"MediumConfidence","-"
"jaffa-direct","AC011997.1:PLCL1","chr2",198636638,"chr2",198948482,311.847,"0",1,TRUE,TRUE,FALSE,"C19U6ACXX121211:3:1301:21191:47120/1/1",58,"MediumConfidence","-"
"jaffa-direct","RP11-108K3.1:GLDN","chr15",51329878,"chr15",51675982,346.112,"0",1,FALSE,TRUE,FALSE,"C19U6ACXX121211:3:2214:12310:92377/1/1",67,"MediumConfidence","-"
"jaffa-direct","SIL1:CTNNA1","chr5",138533958,"chr5",138145727,388.233,"0",1,FALSE,TRUE,TRUE,"C19U6ACXX121211:5:2208:19235:55852/1/1",40,"MediumConfidence","-"
"jaffa-direct","TPPP:CCDC127","chr5",677865,"chr5",206073,471.793,"0",1,FALSE,TRUE,FALSE,"C19C7ACXX121128:6:2311:2378:84677/2/2",44,"MediumConfidence","-"
"jaffa-direct","RNF11:FAF1","chr1",51702551,"chr1",51210447,492.103,"0",1,FALSE,TRUE,TRUE,"C19C7ACXX121128:5:1208:6557:76816/2/2",34,"MediumConfidence","-"
"jaffa-direct","AMER1:ARHGEF9","chrX",63425450,"chrX",62898452,526.999,"0",1,FALSE,TRUE,FALSE,"D1JPNACXX121217:4:2204:5280:74546/1/1",47,"MediumConfidence","-"
"jaffa-direct","TMLHE:FUNDC2","chrX",154842453,"chrX",154274784,567.67,"0",1,FALSE,TRUE,TRUE,"C19U6ACXX121211:1:2306:20769:69518/2/2",40,"MediumConfidence","-"
"jaffa-direct","HAGHL:UBE2I","chr16",778895,"chr16",1365655,586.763,"0",1,TRUE,TRUE,FALSE,"C19U6ACXX121211:5:2203:6122:48008/2/2",54,"MediumConfidence","-"
"jaffa-direct","MSI2:RP11-159D12.5","chr17",55478832,"chr17",56067157,588.328,"0",1,TRUE,TRUE,TRUE,"D1EDCACXX121128:3:2315:7696:15487/2/2",60,"MediumConfidence","-"
"jaffa-direct","KIF21A:CPNE8","chr12",39836729,"chr12",39233757,602.973,"0",1,TRUE,TRUE,FALSE,"C19U6ACXX121211:5:1310:1878:52843/1/1",32,"MediumConfidence","-"
"jaffa-direct","MAD1L1:GNA12","chr7",2108829,"chr7",2773135,664.303,"0",1,TRUE,TRUE,TRUE,"D1EDCACXX121128:8:1209:10931:39005/1/1",45,"MediumConfidence","-"
"jaffa-direct","SSU72:SKI","chr1",1509858,"chr1",2234417,724.559,"0",1,FALSE,TRUE,TRUE,"C19KCACXX121210:8:1104:18703:6172/1/1",55,"MediumConfidence","-"
"jaffa-direct","HSPA9:MATR3","chr5",137909452,"chr5",138665034,755.579,"0",1,TRUE,TRUE,TRUE,"C19C7ACXX121128:7:2212:3516:44931/1/1",61,"MediumConfidence","-"
"jaffa-direct","CDC42BPA:ARF1","chr1",227504706,"chr1",228284779,780.071,"0",1,FALSE,TRUE,TRUE,"D1JPNACXX121217:5:1301:13561:65091/1/1",61,"MediumConfidence","-"
"jaffa-direct","NCOA6:CPNE1","chr20",33413275,"chr20",34220845,807.564,"0",1,FALSE,TRUE,TRUE,"C19KCACXX121210:4:1105:15440:93402/2/2",63,"MediumConfidence","-"
"jaffa-direct","DCAKD:UBTF","chr17",43128921,"chr17",42295664,833.265,"0",1,FALSE,TRUE,FALSE,"C19KCACXX121210:5:2103:10840:53674/1/1",43,"MediumConfidence","-"
"jaffa-direct","TTLL5:YLPM1","chr14",76135865,"chr14",75295916,839.945,"0",1,TRUE,TRUE,TRUE,"D1JPNACXX121217:7:1209:19415:95569/1/1",71,"MediumConfidence","-"
"jaffa-direct","CDC123:OPTN","chr10",12240775,"chr10",13169745,928.973,"0",1,FALSE,TRUE,FALSE,"D1JPNACXX121217:2:1116:20612:21337/2/2",53,"MediumConfidence","-"
"jaffa-direct","ARSJ:NDST4","chr4",114899593,"chr4",115858659,959.064,"0",1,FALSE,TRUE,TRUE,"C19C7ACXX121128:5:2205:5001:9095/1/1",54,"MediumConfidence","-"
"jaffa-direct","MGAT1:SQSTM1","chr5",180235648,"chr5",179249958,985.691,"0",1,FALSE,TRUE,TRUE,"C19C7ACXX121128:8:2210:9762:8070/2/2",43,"MediumConfidence","-"
"jaffa-direct","MAD1L1:C7orf50","chr7",2188787,"chr7",1049779,1139.011,"0",1,FALSE,TRUE,FALSE,"C19KCACXX121210:3:2313:6279:90299/1/1",59,"MediumConfidence","-"
"jaffa-direct","RPS6KC1:LPGAT1","chr1",213303232,"chr1",211966532,1336.699,"0",1,TRUE,TRUE,TRUE,"C19C7ACXX121128:5:2214:10045:86507/2/2",36,"MediumConfidence","-"
"jaffa-direct","NDUFS1:CREB1","chr2",207018342,"chr2",208461638,1443.299,"0",1,FALSE,TRUE,TRUE,"C19KCACXX121210:5:1208:10600:8369/1/1",51,"MediumConfidence","-"
"jaffa-direct","KANSL2:CERS5","chr12",49072819,"chr12",50524477,1451.657,"0",1,FALSE,TRUE,TRUE,"C19C7ACXX121128:3:1110:16571:54112/1/1",62,"MediumConfidence","-"
"jaffa-direct","ACSL4:ATG4A","chrX",108976368,"chrX",107369307,1607.063,"0",1,FALSE,TRUE,TRUE,"C19C7ACXX121128:2:2311:4006:47218/2/2",36,"MediumConfidence","-"
"jaffa-direct","GNA13:PRKCA","chr17",63049620,"chr17",64728806,1679.184,"0",1,TRUE,TRUE,TRUE,"D1JPNACXX121217:8:1116:7258:88484/2/2",51,"MediumConfidence","-"
"jaffa-direct","AGO4:GNL2","chr1",36292436,"chr1",38049534,1757.099,"0",1,TRUE,TRUE,TRUE,"D1JPNACXX121217:4:2202:12268:43727/1/1",50,"MediumConfidence","-"
"jaffa-direct","TMEM41A:YEATS2","chr3",185216631,"chr3",183432932,1783.699,"0",1,FALSE,TRUE,TRUE,"C19U6ACXX121211:5:1303:7048:17760/1/1",35,"MediumConfidence","-"
"jaffa-direct","HIST2H2BF:SNX27","chr1",149783502,"chr1",151611364,1827.864,"0",1,TRUE,TRUE,TRUE,"D1JPNACXX121217:2:2214:9941:35875/2/2",39,"MediumConfidence","-"
"jaffa-direct","TP73:MIB2","chr1",3624355,"chr1",1564513,2059.84,"0",1,TRUE,TRUE,TRUE,"C19C7ACXX121128:8:2213:13266:4872/1/1",57,"MediumConfidence","-"
"jaffa-direct","CSNK1A1:G3BP1","chr5",148929638,"chr5",151166133,2236.497,"0",1,FALSE,TRUE,TRUE,"D1JPNACXX121217:5:2108:8392:70489/2/2",66,"MediumConfidence","-"
"jaffa-direct","TCF12:WDR72","chr15",57213296,"chr15",53815519,3397.773,"0",1,TRUE,TRUE,TRUE,"D1JPNACXX121217:6:2216:17807:24338/2/2",42,"MediumConfidence","-"
"jaffa-direct","RPTOR:GRB2","chr17",78519591,"chr17",73328878,5190.711,"0",1,TRUE,TRUE,TRUE,"C19U6ACXX121211:3:1204:8905:37049/1/1",52,"MediumConfidence","-"
"jaffa-direct","RP11-357C3.3:FAAH2","chrX",62780712,"chrX",57318931,5461.779,"0",1,FALSE,TRUE,TRUE,"C19C7ACXX121128:2:1304:6926:20802/2/2",46,"MediumConfidence","-"
"jaffa-direct","PPM1K:PDLIM5","chr4",89205558,"chr4",95494502,6288.942,"0",1,FALSE,TRUE,TRUE,"D1EDCACXX121128:6:1213:12618:52770/2/2",62,"MediumConfidence","-"
"jaffa-direct","TTC33:SUB1","chr5",40728447,"chr5",32599067,8129.382,"0",1,TRUE,TRUE,TRUE,"C19C7ACXX121128:4:1308:3588:86317/2/2",40,"MediumConfidence","-"
"jaffa-direct","SPIN1:HABP4","chr9",91063904,"chr9",99246744,8182.844,"0",1,TRUE,TRUE,FALSE,"C19C7ACXX121128:3:1113:20616:47708/1/1",58,"MediumConfidence","-"
"jaffa-direct","RP1-90G24.10:RANGAP1","chr22",32603263,"chr22",41677086,9073.826,"0",1,FALSE,TRUE,TRUE,"D1JPNACXX121217:6:1109:11971:76147/1/1",57,"MediumConfidence","-"
"jaffa-direct","PTPN12:SRI","chr7",77167423,"chr7",87840240,10672.817,"0",1,FALSE,TRUE,TRUE,"D1JPNACXX121217:3:1206:1842:23557/2/2",66,"MediumConfidence","-"
"jaffa-direct","CEP128:SMEK1","chr14",81209419,"chr14",91931763,10722.343,"0",1,TRUE,TRUE,TRUE,"D1EDCACXX121128:4:2106:3754:82213/2/2",32,"MediumConfidence","-"
"jaffa-direct","AP001347.6:APP","chr21",15399918,"chr21",27484463,12084.546,"0",1,FALSE,TRUE,TRUE,"C19C7ACXX121128:1:2316:4588:58502/1/1",35,"MediumConfidence","-"
"jaffa-direct","PSPC1:PDS5B","chr13",20304379,"chr13",33327470,13023.092,"0",1,TRUE,TRUE,TRUE,"C19U6ACXX121211:3:2113:4918:80813/2/2",39,"MediumConfidence","-"
"jaffa-direct","STXBP5:TBPL1","chr6",147655358,"chr6",134308099,13347.256,"0",1,TRUE,TRUE,TRUE,"C19KCACXX121210:3:2201:3752:31082/2/2",44,"MediumConfidence","-"
"jaffa-direct","AC012501.2:STK39","chr2",154449373,"chr2",168931741,14482.364,"0",1,FALSE,TRUE,TRUE,"D1JPNACXX121217:6:2213:4122:32607/2/2",52,"MediumConfidence","-"
"jaffa-direct","ZNF804A:ABI2","chr2",185731239,"chr2",204231600,18500.365,"0",1,TRUE,TRUE,FALSE,"C19U6ACXX121211:1:2308:6850:41640/2/2",39,"MediumConfidence","-"
"jaffa-direct","ACTN4:ZNF8","chr19",39138547,"chr19",58805464,19666.92,"0",1,FALSE,TRUE,FALSE,"D1EDCACXX121128:5:2204:12916:57429/1/1",34,"MediumConfidence","-"
"jaffa-direct","ATRX:RP3-323P24.3","chrX",77041468,"chrX",57153318,19888.152,"0",1,FALSE,TRUE,TRUE,"C19C7ACXX121128:1:1111:13292:4609/1/1",56,"MediumConfidence","-"
"jaffa-direct","UBE2D3:SEC31A","chr4",103789872,"chr4",83748785,20041.088,"0",1,TRUE,TRUE,FALSE,"C19U6ACXX121211:5:2206:8025:9828/1/1",63,"MediumConfidence","-"
"jaffa-direct","AKTIP:ZNF267","chr16",53537059,"chr16",31925797,21611.264,"0",1,FALSE,TRUE,TRUE,"C19C7ACXX121128:8:1315:15613:78982/1/1",33,"MediumConfidence","-"
"jaffa-direct","PSMA3:KIAA0391","chr14",58711659,"chr14",35649876,23061.78,"0",1,TRUE,TRUE,TRUE,"C19KCACXX121210:4:2113:18813:58002/2/2",43,"MediumConfidence","-"
"jaffa-direct","FRZB:WDSUB1","chr2",183723514,"chr2",160128306,23595.21,"0",1,TRUE,TRUE,FALSE,"D1JPNACXX121217:2:2303:17758:8437/2/2",55,"MediumConfidence","-"
"jaffa-direct","DISC1:CD46","chr1",231954263,"chr1",207930359,24023.899,"0",1,TRUE,TRUE,TRUE,"D1EDCACXX121128:7:2108:17379:21536/1/1",44,"MediumConfidence","-"
"jaffa-direct","TXNDC15:FBXL17","chr5",134210220,"chr5",107559929,26650.29,"0",1,FALSE,TRUE,TRUE,"C19C7ACXX121128:5:2203:14953:7775/2/2",48,"MediumConfidence","-"
"jaffa-direct","GRIK2:LAMA2","chr6",102266358,"chr6",129634006,27367.651,"-",1,TRUE,TRUE,FALSE,"Locus_3326_Transcript_6/36_Confidence_0.039_Length_429",94,"MediumConfidence","-"
"jaffa-direct","FAT3:MACROD1","chr11",92088570,"chr11",63782753,28305.815,"0",1,TRUE,TRUE,TRUE,"C19C7ACXX121128:7:2105:5871:39034/1/1",49,"MediumConfidence","-"
"jaffa-direct","AREL1:EIF5","chr14",75149999,"chr14",103803014,28653.015,"0",1,TRUE,TRUE,TRUE,"C19KCACXX121210:3:1204:15564:54442/1/1",56,"MediumConfidence","-"
"jaffa-direct","RP11-37B2.1:SAMD12","chr8",90769273,"chr8",119593132,28823.856,"0",1,FALSE,TRUE,TRUE,"C19C7ACXX121128:4:1203:2533:69393/2/2",53,"MediumConfidence","-"
"jaffa-direct","SLCO4A1:NECAB3","chr20",61273905,"chr20",32248201,29025.704,"0",1,FALSE,TRUE,TRUE,"D1EDCACXX121128:6:2311:11951:92198/2/2",46,"MediumConfidence","-"
"jaffa-direct","GBE1:PVRL3","chr3",81810526,"chr3",110911198,29100.668,"0",1,FALSE,TRUE,TRUE,"D1EDCACXX121128:2:1304:3328:40251/1/1",37,"MediumConfidence","-"
"jaffa-direct","MYO5C:CYFIP1","chr15",52587807,"chr15",22925777,29662.037,"0",1,TRUE,TRUE,TRUE,"D1EDCACXX121128:2:2114:14555:68993/1/1",44,"MediumConfidence","-"
"jaffa-direct","LINC00674:DUSP14","chr17",66099199,"chr17",35870779,30228.418,"-",1,FALSE,TRUE,TRUE,"Locus_3686_Transcript_4/7_Confidence_0.406_Length_1563",190,"MediumConfidence","-"
"jaffa-direct","IPMK:WAC","chr10",60027182,"chr10",28897115,31130.067,"0",1,TRUE,TRUE,TRUE,"D1EDCACXX121128:2:1214:16085:14359/1/1",37,"MediumConfidence","-"
"jaffa-direct","RBM6:GBE1","chr3",50000118,"chr3",81754764,31754.647,"0",1,TRUE,TRUE,TRUE,"C19C7ACXX121128:7:2312:19944:96816/1/1",38,"MediumConfidence","-"
"jaffa-direct","KIAA0247:PPP2R5C","chr14",70078545,"chr14",102323023,32244.48,"0",1,FALSE,TRUE,FALSE,"D1EDCACXX121128:5:2214:19967:89185/2/2",67,"MediumConfidence","-"
"jaffa-direct","KRCC1:RTN4","chr2",88336462,"chr2",55214834,33121.631,"0",1,FALSE,TRUE,FALSE,"C19C7ACXX121128:8:2113:16972:39417/2/2",65,"MediumConfidence","-"
"jaffa-direct","NCKAP1:FARSB","chr2",183888534,"chr2",223436741,39548.206,"0",1,FALSE,TRUE,TRUE,"C19U6ACXX121211:8:1207:12229:29168/2/2",45,"MediumConfidence","-"
"jaffa-direct","WDR44:PBDC1","chrX",117578457,"chrX",75395308,42183.147,"0",1,FALSE,TRUE,TRUE,"D1EDCACXX121128:1:2214:20332:20429/1/1",34,"MediumConfidence","-"
"jaffa-direct","FAM136A:UBXN4","chr2",70527972,"chr2",136505837,65977.864,"0",1,FALSE,TRUE,TRUE,"C19C7ACXX121128:4:1209:3037:98157/1/1",42,"MediumConfidence","-"
"jaffa-direct","DKC1:PDHA1","chrX",153991256,"chrX",19372609,134618.644,"0",1,FALSE,TRUE,TRUE,"D1JPNACXX121217:6:1308:5508:75958/1/1",58,"MediumConfidence","-"
"jaffa-direct","FGFR2:RP11-369K17.1","chr10",123274631,"chr8",122055623,Inf,"0",1,FALSE,TRUE,TRUE,"C19U6ACXX121211:5:1302:19076:14527/2/2",69,"MediumConfidence","-"
"jaffa-direct","FGFR2:NSMCE2","chr10",123298106,"chr8",126163413,Inf,"0",1,TRUE,TRUE,TRUE,"C19C7ACXX121128:4:2213:4568:92423/1/1",50,"MediumConfidence","-"
"jaffa-direct","FGFR2:MRPL13","chr10",123324016,"chr8",121408364,Inf,"0",1,FALSE,TRUE,TRUE,"C19U6ACXX121211:8:2203:16551:24285/1/1",38,"MediumConfidence","-"
"jaffa-direct","FGFR2:DEPTOR","chr10",123353223,"chr8",121013764,Inf,"0",1,TRUE,TRUE,TRUE,"C19KCACXX121210:4:1113:3029:81718/2/2",70,"MediumConfidence","-"
"jaffa-direct","FGFR2:MRPL13","chr10",123357476,"chr8",121408364,Inf,"0",1,FALSE,TRUE,TRUE,"D1EDCACXX121128:2:2113:4112:35378/1/1",38,"MediumConfidence","-"
"jaffa-direct","CLRN3:TRAPPC9","chr10",129690820,"chr8",141263028,Inf,"0",1,TRUE,TRUE,TRUE,"D1JPNACXX121217:8:1207:14834:49469/1/1",61,"MediumConfidence","-"
"jaffa-direct","LINC00858:TIMELESS","chr10",86048536,"chr12",56826911,Inf,"0",1,FALSE,TRUE,TRUE,"C19C7ACXX121128:2:2302:16426:96522/2/2",46,"MediumConfidence","-"
"jaffa-direct","TAF13:GLYR1","chr1",109617609,"chr16",4862249,Inf,"0",1,FALSE,TRUE,TRUE,"D1EDCACXX121128:3:2211:18464:62944/2/2",44,"MediumConfidence","-"
"jaffa-direct","CNTN5:STAT6","chr11",100064395,"chr12",57499382,Inf,"0",1,FALSE,TRUE,TRUE,"C19U6ACXX121211:6:2305:4089:48179/2/2",41,"MediumConfidence","-"
"jaffa-direct","SBF2:TPD52","chr11",10215449,"chr8",80954903,Inf,"0",1,FALSE,TRUE,TRUE,"D1EDCACXX121128:2:1108:8334:91193/2/2",38,"MediumConfidence","-"
"jaffa-direct","ATM:RP11-274B21.1","chr11",108206688,"chr7",128266349,Inf,"0",1,FALSE,TRUE,TRUE,"C19KCACXX121210:5:2304:7570:98582/1/1",51,"MediumConfidence","-"
"jaffa-direct","PRMT3:SUPT20H","chr11",20411372,"chr13",37586434,Inf,"0",1,FALSE,TRUE,TRUE,"C19C7ACXX121128:3:1305:14788:33379/1/1",71,"MediumConfidence","-"
"jaffa-direct","RPRD2:SLC4A2","chr1",150390201,"chr7",150759012,Inf,"0",1,FALSE,TRUE,TRUE,"C19C7ACXX121128:4:2305:3761:92380/2/2",66,"MediumConfidence","-"
"jaffa-direct","DAP3:CADM2","chr1",155658965,"chr3",85961523,Inf,"0",1,FALSE,TRUE,TRUE,"D1EDCACXX121128:2:2312:14241:90044/2/2",44,"MediumConfidence","-"
"jaffa-direct","PMF1-BGLAP:DHX29","chr1",156182967,"chr5",54552368,Inf,"0",1,FALSE,TRUE,TRUE,"C19KCACXX121210:7:2214:6765:91946/2/2",50,"MediumConfidence","-"
"jaffa-direct","ISG20L2:C17orf76-AS1","chr1",156693940,"chr17",16343499,Inf,"0",1,FALSE,TRUE,TRUE,"D1EDCACXX121128:3:2315:17576:72956/2/2",60,"MediumConfidence","-"
"jaffa-direct","SF1:FUS","chr11",64543970,"chr16",31199646,Inf,"0",1,TRUE,TRUE,TRUE,"D1JPNACXX121217:7:2209:17268:84340/1/1",67,"MediumConfidence","-"
"jaffa-direct","GNB1:UPP1","chr1",1770629,"chr7",48146470,Inf,"0",1,FALSE,TRUE,TRUE,"C19C7ACXX121128:2:1204:20544:86503/1/1",39,"MediumConfidence","-"
"jaffa-direct","KIAA1731:WHSC1","chr11",93454578,"chr4",1976590,Inf,"0",1,TRUE,TRUE,TRUE,"C19KCACXX121210:8:2216:12197:91801/1/1",39,"MediumConfidence","-"
"jaffa-direct","C12orf73:THOP1","chr12",104359294,"chr19",2810302,Inf,"0",1,FALSE,TRUE,TRUE,"D1JPNACXX121217:7:2207:4976:13275/1/1",48,"MediumConfidence","-"
"jaffa-direct","KIAA1033:COX16","chr12",105505042,"chr14",70795953,Inf,"0",1,TRUE,TRUE,TRUE,"C19U6ACXX121211:6:1202:15993:11993/2/2",65,"MediumConfidence","-"
"jaffa-direct","RIMBP2:FANCL","chr12",131112867,"chr2",58393009,Inf,"0",1,FALSE,TRUE,TRUE,"D1EDCACXX121128:5:1307:8330:72863/2/2",63,"MediumConfidence","-"
"jaffa-direct","RPS6KC1:HAT1","chr1",213290752,"chr2",172841096,Inf,"0",1,TRUE,TRUE,TRUE,"D1EDCACXX121128:6:2308:6346:49946/1/1",54,"MediumConfidence","-"
"jaffa-direct","DCP1B:GUK1","chr12",2074724,"chr1",228333727,Inf,"0",1,FALSE,TRUE,TRUE,"C19U6ACXX121211:4:2304:14690:9820/1/1",53,"MediumConfidence","-"
"jaffa-direct","KIAA1551:CYB561A3","chr12",32113805,"chr11",61121464,Inf,"0",1,FALSE,TRUE,TRUE,"D1EDCACXX121128:7:2116:5627:2513/1/1",47,"MediumConfidence","-"
"jaffa-direct","RP11-385F5.4:GPATCH8","chr1",236713440,"chr17",42483419,Inf,"0",1,FALSE,TRUE,TRUE,"C19U6ACXX121211:4:1203:13094:56966/2/2",66,"MediumConfidence","-"
"jaffa-direct","TMEM194A:KIAA0196","chr12",57472402,"chr8",126040949,Inf,"0",1,FALSE,TRUE,TRUE,"D1EDCACXX121128:4:1102:6209:41880/1/1",53,"MediumConfidence","-"
"jaffa-direct","USP5:SNRNP70","chr12",6972472,"chr19",49607891,Inf,"0",1,TRUE,TRUE,TRUE,"D1EDCACXX121128:2:2210:13918:41288/1/1",40,"MediumConfidence","-"
"jaffa-direct","CCT2:UNC50","chr12",69983467,"chr2",99227238,Inf,"0",1,TRUE,TRUE,TRUE,"D1EDCACXX121128:1:2115:6104:30285/1/1",61,"MediumConfidence","-"
"jaffa-direct","ZDHHC17:RP11-103J17.2","chr12",77158109,"chr4",37019940,Inf,"0",1,FALSE,TRUE,TRUE,"C19C7ACXX121128:7:2309:14685:87810/2/2",53,"MediumConfidence","-"
"jaffa-direct","RCC1:HMBS","chr1",28834672,"chr11",118956521,Inf,"0",1,FALSE,TRUE,TRUE,"C19KCACXX121210:8:1108:21180:87223/1/1",50,"MediumConfidence","-"
"jaffa-direct","RCC1:AKAP11","chr1",28834672,"chr13",42873499,Inf,"0",1,FALSE,TRUE,TRUE,"C19U6ACXX121211:3:1201:10606:90515/2/2",56,"MediumConfidence","-"
"jaffa-direct","RCC1:CTCF","chr1",28834672,"chr16",67605051,Inf,"0",1,FALSE,TRUE,TRUE,"C19U6ACXX121211:7:2308:14782:37357/1/1",48,"MediumConfidence","-"
"jaffa-direct","RCC1:HMGB3","chr1",28834672,"chrX",150154068,Inf,"0",1,FALSE,TRUE,TRUE,"C19KCACXX121210:5:1112:5829:42922/1/1",57,"MediumConfidence","-"
"jaffa-direct","CDC42BPB:CHAF1A","chr14",103404441,"chr19",4442242,Inf,"0",1,TRUE,TRUE,TRUE,"D1EDCACXX121128:6:1210:10477:58052/1/1",43,"MediumConfidence","-"
"jaffa-direct","HNRNPC:MAPK6","chr14",21737457,"chr15",52338027,Inf,"0",1,FALSE,TRUE,TRUE,"C19C7ACXX121128:8:1205:16302:94862/2/2",54,"MediumConfidence","-"
"jaffa-direct","KIAA0586:MAP3K8","chr14",58941515,"chr10",30727845,Inf,"0",1,FALSE,TRUE,TRUE,"C19U6ACXX121211:2:1113:17509:65756/1/1",61,"MediumConfidence","-"
"jaffa-direct","PARP6:HINT1","chr15",72545778,"chr5",130498369,Inf,"0",1,FALSE,TRUE,TRUE,"D1JPNACXX121217:5:1105:17768:28497/2/2",58,"MediumConfidence","-"
"jaffa-direct","ZC3H7A:TXNDC15","chr16",11846525,"chr5",134235179,Inf,"0",1,FALSE,TRUE,TRUE,"C19C7ACXX121128:3:1304:17399:34853/2/2",56,"MediumConfidence","-"
"jaffa-direct","PDXDC1:RTFDC1","chr16",15069077,"chr20",55048357,Inf,"0",1,TRUE,TRUE,TRUE,"D1EDCACXX121128:5:2205:7663:99553/1/1",62,"MediumConfidence","-"
"jaffa-direct","TM2D1:HNRNPUL1","chr1",62166606,"chr19",41774128,Inf,"0",1,TRUE,TRUE,TRUE,"D1JPNACXX121217:4:2105:1144:8142/2/2",46,"MediumConfidence","-"
"jaffa-direct","CCDC101:OSBPL3","chr16",28565418,"chr7",24911688,Inf,"0",1,FALSE,TRUE,TRUE,"C19KCACXX121210:6:1207:4921:83707/1/1",52,"MediumConfidence","-"
"jaffa-direct","ATXN2L:DGCR14","chr16",28846599,"chr22",19125830,Inf,"0",1,FALSE,TRUE,TRUE,"C19KCACXX121210:7:1108:13209:17340/2/2",49,"MediumConfidence","-"
"jaffa-direct","SH2B1:PCBP4","chr16",28875266,"chr3",52001450,Inf,"0",1,FALSE,TRUE,TRUE,"D1EDCACXX121128:6:1105:2448:55813/2/2",51,"MediumConfidence","-"
"jaffa-direct","NMRAL1:ARFGAP2","chr16",4516154,"chr11",47189802,Inf,"0",1,FALSE,TRUE,TRUE,"C19U6ACXX121211:6:2206:5913:5959/2/2",35,"MediumConfidence","-"
"jaffa-direct","NETO2:SAE1","chr16",47177490,"chr19",47673075,Inf,"0",1,FALSE,TRUE,TRUE,"D1JPNACXX121217:8:2106:15114:83759/2/2",36,"MediumConfidence","-"
"jaffa-direct","CNEP1R1:ZFAND5","chr16",50068067,"chr9",74978522,Inf,"0",1,FALSE,TRUE,TRUE,"D1JPNACXX121217:8:1208:12609:54685/2/2",48,"MediumConfidence","-"
"jaffa-direct","FBXL8:CERS2","chr16",67195840,"chr1",150941567,Inf,"0",1,FALSE,TRUE,TRUE,"C19U6ACXX121211:4:1207:1511:44616/2/2",44,"MediumConfidence","-"
"jaffa-direct","FOXF1:CUL2","chr16",86545154,"chr10",35305322,Inf,"0",1,TRUE,TRUE,TRUE,"D1EDCACXX121128:7:2213:9827:7494/2/2",40,"MediumConfidence","-"
"jaffa-direct","USP7:PPHLN1","chr16",9024150,"chr12",42748963,Inf,"0",1,FALSE,TRUE,TRUE,"C19C7ACXX121128:2:2212:7054:74518/1/1",56,"MediumConfidence","-"
"jaffa-direct","CENPV:RCC1","chr17",16251930,"chr1",28834640,Inf,"0",1,FALSE,TRUE,TRUE,"C19U6ACXX121211:1:2112:10644:99422/1/1",37,"MediumConfidence","-"
"jaffa-direct","SUPT4H1:WFDC3","chr17",56428763,"chr20",44404241,Inf,"0",1,FALSE,TRUE,TRUE,"C19KCACXX121210:8:2103:2916:55865/1/1",29,"MediumConfidence","-"
"jaffa-direct","SENP3:UBA1","chr17",7469081,"chrX",47069022,Inf,"0",1,TRUE,TRUE,TRUE,"D1JPNACXX121217:5:1215:14075:75513/1/1",45,"MediumConfidence","-"
"jaffa-direct","ACTG1:TYMS","chr17",79478929,"chr18",669072,Inf,"0",1,FALSE,TRUE,TRUE,"C19U6ACXX121211:4:1211:21298:71847/1/1",51,"MediumConfidence","-"
"jaffa-direct","ZNF519:GNAS","chr18",14124349,"chr20",57470667,Inf,"0",1,TRUE,TRUE,TRUE,"D1EDCACXX121128:1:2215:6912:85536/2/2",43,"MediumConfidence","-"
"jaffa-direct","DTNA:ANGEL2","chr18",32290409,"chr1",213181808,Inf,"0",1,FALSE,TRUE,TRUE,"D1EDCACXX121128:2:2312:3859:33844/1/1",51,"MediumConfidence","-"
"jaffa-direct","RP11-162A12.2:CHMP1A","chr18",74533972,"chr16",89713739,Inf,"0",1,FALSE,TRUE,TRUE,"C19U6ACXX121211:5:2209:9706:4852/1/1",40,"MediumConfidence","-"
"jaffa-direct","TWSG1:ZNF326","chr18",9360069,"chr1",90463669,Inf,"0",1,TRUE,TRUE,TRUE,"D1JPNACXX121217:5:2202:1239:57917/1/1",53,"MediumConfidence","-"
"jaffa-direct","CTD-2017D11.1:ATF6","chr19",24229081,"chr1",161882086,Inf,"0",1,FALSE,TRUE,TRUE,"C19KCACXX121210:4:2209:18843:8938/1/1",39,"MediumConfidence","-"
"jaffa-direct","RBL1:MYEF2","chr20",35651053,"chr15",48446090,Inf,"0",1,FALSE,TRUE,TRUE,"C19C7ACXX121128:2:1102:3258:25877/1/1",68,"MediumConfidence","-"
"jaffa-direct","STMN3:NT5DC2","chr20",62284680,"chr3",52563350,Inf,"0",1,TRUE,TRUE,TRUE,"C19U6ACXX121211:5:1107:7043:95020/2/2",59,"MediumConfidence","-"
"jaffa-direct","RPL31:GPATCH2L","chr2",101618755,"chr14",76642966,Inf,"0",1,FALSE,TRUE,TRUE,"C19KCACXX121210:3:1111:16996:10847/2/2",59,"MediumConfidence","-"
"jaffa-direct","PRPF40A:SKIV2L2","chr2",153551056,"chr5",54706352,Inf,"0",1,FALSE,TRUE,TRUE,"D1JPNACXX121217:2:2101:12264:20404/2/2",50,"MediumConfidence","-"
"jaffa-direct","ITGAV:GNAS","chr2",187490314,"chr20",57470667,Inf,"0",1,TRUE,TRUE,TRUE,"C19KCACXX121210:6:1310:17425:90969/2/2",37,"MediumConfidence","-"
"jaffa-direct","SF3B1:SNHG12","chr2",198285152,"chr1",28906099,Inf,"0",1,FALSE,TRUE,TRUE,"D1EDCACXX121128:8:2206:20396:83168/2/2",58,"MediumConfidence","-"
"jaffa-direct","FAM126B:AKAP9","chr2",201910219,"chr7",91722411,Inf,"0",1,FALSE,TRUE,TRUE,"C19U6ACXX121211:6:1213:11829:69079/1/1",54,"MediumConfidence","-"
"jaffa-direct","CECR3:ADAR","chr22",17747413,"chr1",154571061,Inf,"0",1,FALSE,TRUE,TRUE,"C19U6ACXX121211:4:1310:12953:87790/1/1",47,"MediumConfidence","-"
"jaffa-direct","MCM5:PQLC1","chr22",35819334,"chr18",77664183,Inf,"0",1,FALSE,TRUE,TRUE,"C19U6ACXX121211:8:2115:9380:67516/1/1",45,"MediumConfidence","-"
"jaffa-direct","MKL1:FGFR2","chr22",40990678,"chr10",123325218,Inf,"0",1,FALSE,TRUE,TRUE,"C19KCACXX121210:5:1102:19670:63960/1/1",46,"MediumConfidence","-"
"jaffa-direct","ATG4B:GUK1","chr2",242594062,"chr1",228333212,Inf,"0",1,FALSE,TRUE,TRUE,"C19C7ACXX121128:2:1111:11143:25051/1/1",49,"MediumConfidence","-"
"jaffa-direct","FLJ27365:GNA11","chr22",46494438,"chr19",3118922,Inf,"0",1,TRUE,TRUE,TRUE,"D1JPNACXX121217:1:1306:12078:5512/2/2",35,"MediumConfidence","-"
"jaffa-direct","BRD1:DTX2P1-UPK3BP1-PMS2P11","chr22",50181038,"chr7",76629626,Inf,"0",1,FALSE,TRUE,TRUE,"D1EDCACXX121128:7:2202:14077:4972/1/1",68,"MediumConfidence","-"
"jaffa-direct","ERLEC1:AC006000.5","chr2",54042072,"chr7",13404674,Inf,"0",1,FALSE,TRUE,TRUE,"D1EDCACXX121128:4:2308:5636:43319/1/1",65,"MediumConfidence","-"
"jaffa-direct","POLE4:FUS","chr2",75187273,"chr16",31199646,Inf,"0",1,TRUE,TRUE,TRUE,"D1EDCACXX121128:7:1106:4759:58592/2/2",53,"MediumConfidence","-"
"jaffa-direct","PHLDB2:ZNF276","chr3",111639266,"chr16",89788939,Inf,"0",1,TRUE,TRUE,TRUE,"C19C7ACXX121128:8:2303:9046:90717/1/1",70,"MediumConfidence","-"
"jaffa-direct","MSL2:PTCD3","chr3",135913814,"chr2",86363644,Inf,"0",1,FALSE,TRUE,TRUE,"C19C7ACXX121128:4:2310:14414:56336/2/2",49,"MediumConfidence","-"
"jaffa-direct","RP11-85F14.5:NAB1","chr3",136580589,"chr2",191523884,Inf,"0",1,FALSE,TRUE,TRUE,"D1JPNACXX121217:6:1310:20316:83008/2/2",54,"MediumConfidence","-"
"jaffa-direct","ACPL2:ARHGAP12","chr3",140981182,"chr10",32199491,Inf,"0",1,FALSE,TRUE,TRUE,"C19KCACXX121210:8:2115:9365:61769/2/2",50,"MediumConfidence","-"
"jaffa-direct","PLOD2:SEMA3C","chr3",145878668,"chr7",80458061,Inf,"0",1,TRUE,TRUE,TRUE,"D1JPNACXX121217:4:2106:9923:86127/1/1",69,"MediumConfidence","-"
"jaffa-direct","FOXP1:SENP3","chr3",71247353,"chr17",7466383,Inf,"0",1,TRUE,TRUE,TRUE,"D1EDCACXX121128:8:2116:12080:84051/2/2",67,"MediumConfidence","-"
"jaffa-direct","H2AFZ:MCM4","chr4",100870430,"chr8",48883901,Inf,"0",1,TRUE,TRUE,TRUE,"D1EDCACXX121128:8:2209:16660:16786/2/2",48,"MediumConfidence","-"
"jaffa-direct","TBCK:KIAA0368","chr4",107165783,"chr9",114154104,Inf,"0",1,TRUE,TRUE,TRUE,"C19KCACXX121210:8:1302:4991:41729/1/1",40,"MediumConfidence","-"
"jaffa-direct","SLC10A7:CCBL2","chr4",147363935,"chr1",89435150,Inf,"0",1,TRUE,TRUE,TRUE,"D1JPNACXX121217:8:2315:1210:62255/1/1",43,"MediumConfidence","-"
"jaffa-direct","MXD4:FLJ27365","chr4",2259709,"chr22",46493806,Inf,"0",1,FALSE,TRUE,TRUE,"D1JPNACXX121217:1:1306:12078:5512/1/1",61,"MediumConfidence","-"
"jaffa-direct","FIP1L1:OLFM3","chr4",54266006,"chr1",102271738,Inf,"0",1,FALSE,TRUE,TRUE,"C19C7ACXX121128:5:1206:6189:62903/2/2",58,"MediumConfidence","-"
"jaffa-direct","PPIP5K2:CCDC88A","chr5",102456192,"chr2",55518911,Inf,"0",1,FALSE,TRUE,TRUE,"C19U6ACXX121211:6:1316:8307:59100/1/1",41,"MediumConfidence","-"
"jaffa-direct","RP11-138J23.1:ARHGAP10","chr5",103417648,"chr4",148778704,Inf,"0",1,FALSE,TRUE,TRUE,"Locus_3049_Transcript_3/25_Confidence_0.070_Length_1481",221,"MediumConfidence","-"
"jaffa-direct","CSNK1A1:PHF14","chr5",148885010,"chr7",11021999,Inf,"0",1,TRUE,TRUE,TRUE,"D1EDCACXX121128:2:1107:8854:20602/1/1",64,"MediumConfidence","-"
"jaffa-direct","AHRR:NOC4L","chr5",354026,"chr12",132635526,Inf,"0",1,TRUE,TRUE,TRUE,"C19C7ACXX121128:4:2216:1403:7818/1/1",51,"MediumConfidence","-"
"jaffa-direct","PAPD7:DPP8","chr5",6742710,"chr15",65771377,Inf,"0",1,TRUE,TRUE,TRUE,"C19C7ACXX121128:4:2302:10288:78115/2/2",39,"MediumConfidence","-"
"jaffa-direct","CENPW:EEF1D","chr6",126667464,"chr8",144669022,Inf,"0",1,TRUE,TRUE,TRUE,"C19C7ACXX121128:2:1106:12544:64694/1/1",34,"MediumConfidence","-"
"jaffa-direct","PTPRK:ALS2","chr6",128718711,"chr2",202582933,Inf,"0",1,FALSE,TRUE,TRUE,"C19KCACXX121210:5:1210:10986:85938/1/1",57,"MediumConfidence","-"
"jaffa-direct","SCAF8:TROVE2","chr6",155099179,"chr1",193044950,Inf,"0",1,FALSE,TRUE,TRUE,"C19KCACXX121210:4:1313:9421:96395/1/1",69,"MediumConfidence","-"
"jaffa-direct","BCKDHB:CHMP1A","chr6",80982938,"chr16",89713739,Inf,"0",1,TRUE,TRUE,TRUE,"C19KCACXX121210:5:1309:3631:19071/1/1",52,"MediumConfidence","-"
"jaffa-direct","SNX14:TXNL4A","chr6",86243317,"chr18",77733856,Inf,"0",1,FALSE,TRUE,TRUE,"C19C7ACXX121128:5:2215:13706:38755/1/1",35,"MediumConfidence","-"
"jaffa-direct","KMT2E:FGFR2","chr7",104654982,"chr10",123310973,Inf,"0",1,FALSE,TRUE,TRUE,"D1EDCACXX121128:3:1204:13749:50795/1/1",34,"MediumConfidence","-"
"jaffa-direct","PUS7:ZMYM5","chr7",105121499,"chr13",20409829,Inf,"0",1,FALSE,TRUE,TRUE,"C19C7ACXX121128:1:1113:1597:70351/2/2",35,"MediumConfidence","-"
"jaffa-direct","IMMP2L:TTC3","chr7",110526649,"chr21",38480692,Inf,"0",1,FALSE,TRUE,TRUE,"C19C7ACXX121128:1:1213:17163:62736/2/2",40,"MediumConfidence","-"
"jaffa-direct","SOSTDC1:RAB10","chr7",16569812,"chr2",26332637,Inf,"0",1,FALSE,TRUE,TRUE,"D1EDCACXX121128:2:2202:9361:88939/2/2",66,"MediumConfidence","-"
"jaffa-direct","MAD1L1:SDF4","chr7",1937836,"chr1",1164326,Inf,"0",1,TRUE,TRUE,TRUE,"D1EDCACXX121128:4:1315:7013:75062/2/2",48,"MediumConfidence","-"
"jaffa-direct","NUPL2:PPA2","chr7",23226765,"chr4",106320321,Inf,"0",1,TRUE,TRUE,TRUE,"C19KCACXX121210:3:1104:18280:94299/2/2",56,"MediumConfidence","-"
"jaffa-direct","DBNL:NT5DC2","chr7",44099752,"chr3",52563350,Inf,"0",1,TRUE,TRUE,TRUE,"C19C7ACXX121128:4:2114:10900:94347/1/1",55,"MediumConfidence","-"
"jaffa-direct","BAZ1B:PHACTR4","chr7",72865324,"chr1",28817463,Inf,"0",1,FALSE,TRUE,TRUE,"C19U6ACXX121211:7:1308:17088:30022/1/1",42,"MediumConfidence","-"
"jaffa-direct","COL28A1:HNRNPDL","chr7",7491950,"chr4",83346036,Inf,"0",1,FALSE,TRUE,TRUE,"C19C7ACXX121128:3:1305:2533:92242/2/2",48,"MediumConfidence","-"
"jaffa-direct","COL28A1:RRAGB","chr7",7491950,"chrX",55784679,Inf,"0",1,FALSE,TRUE,TRUE,"C19U6ACXX121211:1:1306:14703:45477/2/2",36,"MediumConfidence","-"
"jaffa-direct","PTPN12:ATP5C1","chr7",77200503,"chr10",7848937,Inf,"0",1,FALSE,TRUE,TRUE,"C19C7ACXX121128:5:1106:7443:8196/2/2",40,"MediumConfidence","-"
"jaffa-direct","RSBN1L:TMF1","chr7",77365843,"chr3",69079158,Inf,"0",1,TRUE,TRUE,TRUE,"C19C7ACXX121128:6:1214:16165:35313/1/1",40,"MediumConfidence","-"
"jaffa-direct","PHTF2:ST20-MTHFS","chr7",77428288,"chr15",80137784,Inf,"0",1,FALSE,TRUE,TRUE,"D1JPNACXX121217:3:2203:16549:52327/1/1",59,"MediumConfidence","-"
"jaffa-direct","POLR2K:TTC32","chr8",101163644,"chr2",20097796,Inf,"0",1,FALSE,TRUE,TRUE,"D1JPNACXX121217:5:1216:18073:51145/1/1",40,"MediumConfidence","-"
"jaffa-direct","UBR5:TSPAN14","chr8",103424401,"chr10",82264484,Inf,"0",1,FALSE,TRUE,TRUE,"C19C7ACXX121128:5:2204:11927:60802/1/1",54,"MediumConfidence","-"
"jaffa-direct","MTSS1:COX4I1","chr8",125711767,"chr16",85838543,Inf,"0",1,TRUE,TRUE,TRUE,"C19U6ACXX121211:6:1210:3476:90573/1/1",52,"MediumConfidence","-"
"jaffa-direct","MTSS1:XX-C2158C6.3","chr8",125711767,"chr6",171045482,Inf,"0",1,FALSE,TRUE,TRUE,"D1EDCACXX121128:6:2110:7269:52408/2/2",41,"MediumConfidence","-"
"jaffa-direct","MTSS1:ATE1","chr8",125740125,"chr10",123600778,Inf,"0",1,TRUE,TRUE,TRUE,"D1JPNACXX121217:8:2214:9547:14139/2/2",67,"MediumConfidence","-"
"jaffa-direct","NSMCE2:FAM177A1","chr8",126163519,"chr14",35515711,Inf,"0",1,TRUE,TRUE,TRUE,"C19U6ACXX121211:3:2303:8877:93608/2/2",31,"MediumConfidence","-"
"jaffa-direct","RP11-32K4.1:GLCE","chr8",65046005,"chr15",69502655,Inf,"0",1,FALSE,TRUE,TRUE,"C19C7ACXX121128:4:1204:9363:5517/1/1",31,"MediumConfidence","-"
"jaffa-direct","CASC9:GNAS","chr8",76190592,"chr20",57470667,Inf,"0",1,FALSE,TRUE,TRUE,"D1EDCACXX121128:2:1307:9531:76211/2/2",31,"MediumConfidence","-"
"jaffa-direct","SPIN1:MAPKAPK5","chr9",91003453,"chr12",112303054,Inf,"0",1,FALSE,TRUE,TRUE,"C19C7ACXX121128:5:1306:18342:6177/1/1",36,"MediumConfidence","-"
"jaffa-direct","WWC3:DEPTOR","chrX",10066619,"chr8",121061815,Inf,"0",1,FALSE,TRUE,TRUE,"C19U6ACXX121211:5:1303:13171:62552/2/2",42,"MediumConfidence","-"
"jaffa-direct","FMR1:FRRS1","chrX",147024846,"chr1",100195304,Inf,"0",1,FALSE,TRUE,TRUE,"C19C7ACXX121128:7:1307:8591:63577/2/2",45,"MediumConfidence","-"
"jaffa-direct","ARHGAP4:PTBP1","chrX",153186612,"chr19",797452,Inf,"0",1,FALSE,TRUE,TRUE,"C19U6ACXX121211:2:2109:3491:43647/2/2",53,"MediumConfidence","-"
"jaffa-direct","CA5B:LSMEM1","chrX",15782898,"chr7",112126978,Inf,"0",1,TRUE,TRUE,TRUE,"C19U6ACXX121211:8:2216:6583:40691/2/2",53,"MediumConfidence","-"
"jaffa-direct","PDK3:ARGLU1","chrX",24517017,"chr13",107209479,Inf,"0",1,FALSE,TRUE,TRUE,"C19KCACXX121210:4:1302:10322:4190/1/1",61,"MediumConfidence","-"
"jaffa-direct","RBM3:LTBP4","chrX",48432961,"chr19",41105974,Inf,"0",1,FALSE,TRUE,TRUE,"C19U6ACXX121211:7:2208:16281:18363/1/1",49,"MediumConfidence","-"
"jaffa-direct","KDM5C:CENPF","chrX",53246325,"chr1",214787057,Inf,"0",1,TRUE,TRUE,TRUE,"C19C7ACXX121128:5:2309:6604:39069/2/2",66,"MediumConfidence","-"
"jaffa-direct","JPX:MTSS1","chrX",73164497,"chr8",125603476,Inf,"0",1,FALSE,TRUE,TRUE,"D1JPNACXX121217:3:1314:2109:11892/1/1",55,"MediumConfidence","-"
"jaffa-direct","ANXA2:WDR54","chr15",60678286,"chr2",74648862,Inf,"2",739,NA,FALSE,TRUE,"Locus_764_Transcript_19/29_Confidence_0.278_Length_2211",1520,"LowConfidence","-"
"jaffa-direct","COL14A1:FGFR2","chr8",121301925,"chr10",123243291,Inf,"633",3,NA,FALSE,TRUE,"C19C7ACXX121128:4:2115:3016:16750/2/2",38,"LowConfidence","-"
"jaffa-direct","NPM1:SMEK1","chr5",170819959,"chr14",91927928,Inf,"407",227,NA,FALSE,TRUE,"Locus_1_Transcript_12826/25939_Confidence_0.000_Length_1858",696,"LowConfidence","-"
"jaffa-direct","RP11-347I19.8:EIF4H","chr12",122235640,"chr7",73609137,Inf,"250",54,NA,FALSE,TRUE,"Locus_1_Transcript_11752/25939_Confidence_0.000_Length_1095",461,"LowConfidence","-"
"jaffa-direct","RPLP0:AC016995.3","chr12",120636469,"chr2",38709487,Inf,"67",2,NA,FALSE,TRUE,"C19C7ACXX121128:8:2112:18835:94012/2/2",42,"LowConfidence","-"
"jaffa-direct","JMJD1C:DEPTOR","chr10",64982302,"chr8",121013764,Inf,"6",57,NA,FALSE,TRUE,"Locus_1_Transcript_19971/25939_Confidence_0.002_Length_34157",398,"LowConfidence","-"
"jaffa-direct","UQCR11:GOLIM4","chr19",1598171,"chr3",167727219,Inf,"8",55,NA,FALSE,TRUE,"Locus_7375_Transcript_6/11_Confidence_0.563_Length_1378",325,"LowConfidence","-"
"jaffa-direct","XPO1:FOXK1","chr2",61764921,"chr7",4810457,Inf,"43",7,NA,FALSE,TRUE,"Locus_1_Transcript_9628/25939_Confidence_0.000_Length_1320",1035,"LowConfidence","-"
"jaffa-direct","FOXK1:VSNL1","chr7",4810458,"chr2",17836771,Inf,"45",5,NA,FALSE,TRUE,"Locus_1535_Transcript_59/80_Confidence_0.147_Length_1974",1048,"LowConfidence","-"
"jaffa-direct","YTHDC1:KIF18B","chr4",69179514,"chr17",43003223,Inf,"35",4,NA,FALSE,TRUE,"Locus_7032_Transcript_9/49_Confidence_0.230_Length_1341",825,"LowConfidence","-"
"jaffa-direct","TMEM189-UBE2V1:UBE2V2","chr20",48700690,"chr8",48962451,Inf,"29",2,NA,FALSE,TRUE,"Locus_1972_Transcript_82/333_Confidence_0.022_Length_2535",674,"LowConfidence","-"
"jaffa-direct","SMCO4:FOXK1","chr11",93211926,"chr7",4810457,Inf,"15",6,NA,FALSE,TRUE,"Locus_5360_Transcript_15/21_Confidence_0.305_Length_943",312,"LowConfidence","-"
"jaffa-direct","EIF5A:GNAS","chr17",7210886,"chr20",57466779,Inf,"1",18,NA,FALSE,TRUE,"Locus_1_Transcript_15314/25939_Confidence_0.000_Length_1269",1013,"LowConfidence","-"
"jaffa-direct","REEP5:GGA2","chr5",112213649,"chr16",23478761,Inf,"13",6,NA,FALSE,TRUE,"Locus_1319_Transcript_339/452_Confidence_0.018_Length_3766",1631,"LowConfidence","-"
"jaffa-direct","GANAB:GAK","chr11",62393080,"chr4",864628,Inf,"15",3,NA,FALSE,TRUE,"Locus_4141_Transcript_1/44_Confidence_0.199_Length_3106",788,"LowConfidence","-"
"jaffa-direct","SLCO5A1:MT-ATP8","chr8",70602355,"chrM",8491,Inf,"12",2,NA,FALSE,TRUE,"C19C7ACXX121128:2:1214:14161:88297/1/1",49,"LowConfidence","-"
"jaffa-direct","TMEM132A:S100A2","chr11",60702808,"chr1",153536280,Inf,"10",3,NA,FALSE,TRUE,"Locus_7314_Transcript_3/5_Confidence_0.462_Length_834",415,"LowConfidence","-"
"jaffa-direct","DDOST:AGA","chr1",20979114,"chr4",178361487,Inf,"2",11,NA,FALSE,TRUE,"Locus_1_Transcript_4030/25939_Confidence_0.000_Length_3123",1786,"LowConfidence","-"
"jaffa-direct","REEP5:LSM14A","chr5",112213649,"chr19",34718689,Inf,"9",4,NA,FALSE,TRUE,"Locus_1_Transcript_8615/25939_Confidence_0.000_Length_3512",1532,"LowConfidence","-"
"jaffa-direct","REEP5:GLRA2","chr5",112213649,"chrX",14749077,Inf,"11",2,NA,FALSE,TRUE,"Locus_4887_Transcript_9/28_Confidence_0.222_Length_1330",466,"LowConfidence","-"
"jaffa-direct","KDM6A:TCEB2","chrX",44936016,"chr16",2827130,Inf,"11",2,NA,FALSE,TRUE,"Locus_5607_Transcript_6/14_Confidence_0.557_Length_5283",2951,"LowConfidence","-"
"jaffa-direct","UNC45B:COX4I1","chr17",33478267,"chr16",85833315,Inf,"1",11,NA,FALSE,TRUE,"Locus_1_Transcript_16113/25939_Confidence_0.000_Length_1370",762,"LowConfidence","-"
"jaffa-direct","HMGB1P5:RP11-673C5.2","chr3",22424255,"chr15",71456722,Inf,"9",3,NA,FALSE,TRUE,"C19U6ACXX121211:2:2107:13516:23816/2/2",34,"LowConfidence","-"
"jaffa-direct","CEP170B:GOLIM4","chr14",105353064,"chr3",167727219,Inf,"9",2,NA,FALSE,TRUE,"Locus_1_Transcript_16046/25939_Confidence_0.000_Length_1701",575,"LowConfidence","-"
"jaffa-direct","FAM13A:TBC1D17","chr4",89648695,"chr19",50386293,Inf,"1",10,NA,FALSE,TRUE,"Locus_1_Transcript_14509/25939_Confidence_0.000_Length_3095",1323,"LowConfidence","-"
"jaffa-direct","MT-ND4:ACTG1","chrM",11100,"chr17",79477432,Inf,"9",2,NA,FALSE,TRUE,"D1EDCACXX121128:4:1208:4929:94653/2/2",43,"LowConfidence","-"
"jaffa-direct","RP11-161H23.5:RP11-386G11.10","chr12",49666366,"chr12",49522366,144,"8",2,NA,FALSE,TRUE,"D1EDCACXX121128:7:2210:2552:3411/2/2",41,"LowConfidence","-"
"jaffa-direct","HNRNPA1P48:AC021224.1","chr16",51680284,"chr18",29992604,Inf,"8",2,NA,FALSE,TRUE,"C19KCACXX121210:7:2307:19285:75603/1/1",35,"LowConfidence","-"
"jaffa-direct","ARIH2:TEX2","chr3",48965068,"chr17",62290954,Inf,"7",3,NA,FALSE,TRUE,"Locus_1_Transcript_15396/25939_Confidence_0.000_Length_2272",320,"LowConfidence","-"
"jaffa-direct","ZBED3:GOLIM4","chr5",76371189,"chr3",167727219,Inf,"1",9,NA,FALSE,TRUE,"Locus_4508_Transcript_1/4_Confidence_0.796_Length_2733",563,"LowConfidence","-"
"jaffa-direct","MTSS1:MT-CO3","chr8",125565663,"chrM",9577,Inf,"8",2,NA,FALSE,TRUE,"C19C7ACXX121128:4:2303:9914:54956/2/2",40,"LowConfidence","-"
"jaffa-direct","ZNF749:AC010642.1","chr19",57946958,"chr19",58826216,879.258,"1",7,NA,FALSE,FALSE,"Locus_520_Transcript_180/672_Confidence_0.007_Length_2041",1767,"LowConfidence","-"
"jaffa-direct","RP11-488L18.10:UGCG","chr1",247350729,"chr9",114695878,Inf,"5",3,NA,FALSE,TRUE,"Locus_1_Transcript_14480/25939_Confidence_0.000_Length_3243",2089,"LowConfidence","-"
"jaffa-direct","MFSD3:SNX17","chr8",145735290,"chr2",27598556,Inf,"5",3,NA,FALSE,TRUE,"Locus_884_Transcript_11/44_Confidence_0.095_Length_1232",922,"LowConfidence","-"
"jaffa-direct","TUBA1A:RP11-161H23.5","chr12",49579388,"chr12",49666402,87.014,"5",2,NA,FALSE,TRUE,"D1JPNACXX121217:4:1209:5273:13979/2/2",35,"LowConfidence","-"
"jaffa-direct","TUBA1A:RP11-161H23.5","chr12",49579379,"chr12",49666406,87.027,"5",2,NA,FALSE,TRUE,"C19C7ACXX121128:1:2104:7363:70556/2/2",39,"LowConfidence","-"
"jaffa-direct","RELB:DCHS2","chr19",45515495,"chr4",155254465,Inf,"4",3,NA,FALSE,TRUE,"Locus_354_Transcript_27/48_Confidence_0.272_Length_7751",5562,"LowConfidence","-"
"jaffa-direct","TUBA1A:RP11-161H23.5","chr12",49579285,"chr12",49666516,87.231,"4",2,NA,FALSE,TRUE,"C19U6ACXX121211:2:1313:18179:24853/1/1",29,"LowConfidence","-"
"jaffa-direct","HOXC4:PGBD1","chr12",54449424,"chr6",28269215,Inf,"4",2,NA,FALSE,TRUE,"Locus_5404_Transcript_68/79_Confidence_0.023_Length_703",361,"LowConfidence","-"
"jaffa-direct","CEP97:MTSS1","chr3",101445552,"chr8",125740589,Inf,"2",4,NA,FALSE,TRUE,"Locus_3794_Transcript_61/65_Confidence_0.014_Length_2071",232,"LowConfidence","-"
"jaffa-direct","MEMO1:SEMA4C","chr2",32091535,"chr2",97526023,65434.488,"3",2,NA,FALSE,TRUE,"Locus_1_Transcript_5292/25939_Confidence_0.000_Length_862",626,"LowConfidence","-"
"jaffa-direct","DYNC1H1:MT-ND4","chr14",102476704,"chrM",11094,Inf,"3",2,NA,FALSE,TRUE,"C19C7ACXX121128:4:1110:19816:20443/2/2",60,"LowConfidence","-"
"jaffa-direct","REEP5:ZNF618","chr5",112213649,"chr9",116812759,Inf,"2",3,NA,FALSE,TRUE,"Locus_220_Transcript_291/447_Confidence_0.027_Length_7872",3398,"LowConfidence","-"
"jaffa-direct","MT-ND5:DDOST","chrM",13812,"chr1",20978985,Inf,"3",2,NA,FALSE,TRUE,"C19KCACXX121210:4:2102:10404:64264/2/2",50,"LowConfidence","-"
"jaffa-direct","MT-ND2:SLC9A3R1","chrM",5313,"chr17",72745167,Inf,"3",2,NA,FALSE,TRUE,"C19C7ACXX121128:2:2203:8630:88683/2/2",37,"LowConfidence","-"
"jaffa-direct","RUNDC1:SUPT5H","chr17",41132844,"chr19",39944112,Inf,"2",2,NA,FALSE,TRUE,"Locus_5530_Transcript_50/64_Confidence_0.225_Length_3905",3347,"LowConfidence","-"
"jaffa-direct","CLASP1:ATP1B1","chr2",122097348,"chr1",169101277,Inf,"2",2,NA,FALSE,TRUE,"Locus_1070_Transcript_148/206_Confidence_0.011_Length_1504",899,"LowConfidence","-"
"jaffa-direct","SREK1IP1:DSN1","chr5",64017387,"chr20",35399512,Inf,"2",2,NA,FALSE,TRUE,"Locus_81_Transcript_76/155_Confidence_0.013_Length_3964",778,"LowConfidence","-"
"jaffa-direct","MT-ND5:WARS","chrM",13508,"chr14",100826925,Inf,"2",2,NA,FALSE,TRUE,"C19C7ACXX121128:6:1314:19157:85054/1/1",48,"LowConfidence","-"
"jaffa-direct","MT-CO1:WDR1","chrM",6041,"chr4",10077066,Inf,"2",2,NA,FALSE,TRUE,"C19C7ACXX121128:2:2206:20973:85473/1/1",36,"LowConfidence","-"
"jaffa-direct","FAM127B:MT-CO3","chrX",134185405,"chrM",9406,Inf,"2",2,NA,FALSE,TRUE,"D1EDCACXX121128:7:1107:4005:92564/2/2",40,"LowConfidence","-"
"jaffa-direct","PRDX4:PRDX1","chrX",23704499,"chr1",45977074,Inf,"1",3,NA,FALSE,TRUE,"Locus_1_Transcript_21919/25939_Confidence_0.000_Length_1290",939,"LowConfidence","-"
"jaffa-direct","MBD6:MT-ATP8","chr12",57921317,"chrM",8477,Inf,"1",2,NA,FALSE,TRUE,"C19C7ACXX121128:5:1116:3759:79911/2/2",33,"LowConfidence","-"
"jaffa-direct","SCFD1:MT-ND5","chr14",31143146,"chrM",12390,Inf,"1",2,NA,FALSE,TRUE,"C19C7ACXX121128:2:1310:11767:16249/1/1",39,"LowConfidence","-"
"jaffa-direct","RHBDL3:PSAP","chr17",30648902,"chr10",73588685,Inf,"1",2,NA,FALSE,TRUE,"Locus_28_Transcript_72/113_Confidence_0.079_Length_2279",1889,"LowConfidence","-"
"jaffa-direct","MUC13:TXNRD1","chr3",124625550,"chr12",104714990,Inf,"1",2,NA,FALSE,TRUE,"C19KCACXX121210:4:1115:19799:41311/2/2",39,"LowConfidence","-"
"jaffa-direct","MT-CYB:POLR1E","chrM",15486,"chr9",37493556,Inf,"1",2,NA,FALSE,TRUE,"C19C7ACXX121128:3:1104:19955:47845/1/1",37,"LowConfidence","-"
