cluster_id	adjacent	altsplice	break_adj_entropy1	break_adj_entropy2	break_adj_entropy_min	breakpoint_homology	breakpos1	breakpos2	cdna_breakseqs_percident	chromosome1	chromosome2	defuse_probability	deletion	est_breakseqs_percident	estisland_breakseqs_percident	eversion	exonboundaries	gene1	gene2	gene_align_strand1	gene_align_strand2	gene_chromosome1	gene_chromosome2	gene_end1	gene_end2	gene_location1	gene_location2	gene_name1	gene_name2	gene_start1	gene_start2	gene_strand1	gene_strand2	genome_breakseqs_percident	genomic_break_pos1	genomic_break_pos2	genomic_strand1	genomic_strand2	interchromosomal	inversion	library_name	max_map_count	mean_map_count	min_map_count	num_multi_map	num_splice_variants	orf	readthrough	reference1	reference2	repeat_list1	repeat_list2	repeat_proportion1	repeat_proportion2	repeat_proportion_max	sequence	span_count	span_coverage1	span_coverage2	span_coverage_max	span_coverage_min	splice_score	splitreads_count	splitreads_min_pvalue	splitreads_pos_pvalue	splitreads_span_pvalue	strand1	strand2	
778	N	Y	3.54975555433691	3.40744620240479	3.40744620240479	0	591	571	0	16	16	0.838776354352533	N	0	0.977984009137636	Y	Y	ENSG00000183458	ENSG00000183889	-	+	16	16	15029565	16444447	intron	intron	RP11-958N24.1	AC138969.4	15005408	16411301	+	+	0.977984009137636	15014655	16412895	-	+	N	N	tmp.defuse_outdir	5	2.16666666666667	1	2	2	N	N	ENSG00000183458|ENST00000545628	ENSG00000183889|ENST00000540039	-	-	0	0	0	GCTCCTGGGTCCCAAATTCGGCCGTGGTGAGGAAGGCTTCACGGCTCAGACGCAGGCCCGGGAATACCATGACCTCCAGGGGCTCGTGCGGGGCTGAGAGGCCGTACTGCCGTGCCAGAGGCATCAGGGGTCCCTA|CAGGTCCCCACTGGGCGCTCCCACGAGGAGGTTCTCGGCATCCTGCACTGGGCCTGGTGACCCGGGAGACCAGGAAGCGCTGCACGGCGGGACTGTCCACCATTGCCAGGGTGGCCCCGGCCCAGGCCCGACACTGCTCCTGCGCCTGCAGCCAGGCCGCCTTCTCCACCACCAGGCGGTAGCAGTGCCCATTGCCAGAGAAGATCTCCGTGTCCGAGGGGCAGAGCGGGTGCACCGCTCGGGCCGGCTCCTCGCCCAGGGCCACGATGCTGTAGGCGGCCTCCAGGCCTGAACCACCGCGGTTCTGGATGCTGAGGTCGAGGCTCTCGTCACTCTGCACCGAGGACGGGCACACGAGCTCCAGGGCGGCAGGTGCCG	6	0.982562688210821	1.40366098315832	1.40366098315832	0.982562688210821	4	5	0.88917026176733	0.930776125278346	0.442037007897032	-	+	
1674	N	Y	3.56488607910057	3.18296190747752	3.18296190747752	902	886	435	0.892975926512512	7	17	0.624749956642222	N	0.888219301024179	0.892975926512512	N	Y	ENSG00000075624	ENSG00000184009	-	+	7	17	5603415	79479827	intron	coding	ACTB	ACTG1	5566782	79476999	-	-	0.892975926512512	5569031	79479258	+	-	Y	N	tmp.defuse_outdir	2	1.2	1	1	2	Y	N	ENSG00000075624|ENST00000462494	ENSG00000184009|ENST00000331925	-	-	0	0	0	AGTTGAAGGTAGTTTCGTGGATGCCACAGGACTCCATGCCCAGGAAGGAAGGCTGGAAGAGTGCCTCAGGGCAGCGGAACCGCTCATTGCCAATGGTGATGACCTGGCCGTCAGGCAGCTCGTAGCTCTTCTCCAGGGAGGAGCTGGAAGCAGCCGTGGCCATCTCTTGCTCGAAGTCCAGGGCGACGTAGCACAGCTTCTCCTTAATGTCACGCACGATTTCCCGCTCGGCCGTGGTGGTGAAGCTGTAGCCGCGCTCGGTGAGGATCTTCATGAGGTAGTCAGTCAGGTCCCGGCCAGCCAGGTCCAGACGCAGGATGGCATGGGGGAGGGCATACCCCTCGTAGATGGGCACAGTGTGGGTGACCCCGTCACCGGAGTCCATCACGATGCCAGTGGTACGGCCAGAGGCGTACAGGGATAGCACAGCCTGGATAGCAACGTACATGGCTGGGGTGTTGAAGGTCTCAAACATGATCTG|GAGTCATCTTCTCTCTGTTGGCCTTGGGGTTCAGGGGGGCCTCGGTCAGCAGCACTGGGTGCTCCTCCGGGGCCACGCGCAGCTCGTTGTAGAAGGTGTGGTGCCAGATCTTCTCCATGTCGTCCCAGTTGGTGACGATGCCATGCTCAATGGGGTACTTCAGGGTCAGGATGCCACGCTTGCTCTGGGCCTCGTCGCCCACGTAGGAGTCCTTCTGGCCCATGCCCACCATGACGCCCTGGTGTCTGGGGCGCCCGACGATGGAAGGAAACACGGCTCGGGGAGCGTCGTCCCCAGCAAAACCAGCTTTGCACATGCCGGAGCCATTGTCAATGACCAGCGCGGCGATCTCTTCTTCCATTGCGACCGGCAGAGAAACGCGACGGCGGAGCGGCGGAAGAACAGAGTGCGAGAGCTGGC	5	1.44638110003705	1.44638110003705	1.44638110003705	1.44638110003705	4	2	0.65615219222526	0.715204239919413	4.17434662424429e-17	-	+	
1428	N	N	3.38656252929588	3.72717401544771	3.38656252929588	1	1090	119122323	0	9	8	0.932498537219085	N	0	0.00511270458857183	N	Y	ENSG00000175893	ENSG00000182197	-	+	9	8	14693469	119124092	coding	intron	ZDHHC21	EXT1	14615530	118806729	-	-	0.00511270458857183	14619680	119122324	+	-	Y	N	tmp.defuse_outdir	1	1	1	0	1	N	N	ENSG00000175893|ENST00000380916	8	-	-	0	0	0	TGTGGAAAGCTAATTTGAAAGTAAACATGCTTTAAAACTTAAATATAGATCTTGTATTAGTCCCACAACAGGATCAAGATCACTATTAAAATAAAGCCTGGGGCACATTATGATGCCTAAGACTGGTGGGTGGATTTTAATTGACTTGAAGACTGTCATAGTTCTATTATCATAAAACCTGTAACGCATTGCCAGCATGGAGGACCCATCTGTGCCCACCATCCATCTGTTTAGACATGATTGGCAAAGTGGTAGGGAACTCGCAGTGGTTGCCTCTGCCTGAAAGGAATGAACCACAGGATCTTCCAACGAGTGCCAAAAACTTCTGAGAAGGTCTGCTGCCATGGCTTTCGGGGCCTCGATATATCTTCACAACAGTTTGACATCTTTTCAATAGATGTTGTAT|CTTCTCATACTCGGTGTTGTCTCTGTCACAGCGAGAATCCTTGTGCTTTTGCCAGTCTTTGCCATGCTTGCAGGTGGTGAGGAGCACAACGTCCTCCCCGTTATGGACGTGATATAAGGCATTCCTGGTGTCTGATCCTATCCCTGTCAGGTACCTCTTCCCCTTGAATACCAGCATGTACTTCCTGAGAGGAGGGATGGTGTTGAACTTCAAAAACCCCCTCTCCCCTCCTGTCCTGGGATGATCCTTAGAAAAGAGGGGAATAGAAACATCA	9	2.03225698865965	1.64167306291125	2.03225698865965	1.64167306291125	4	8	0.535529440265976	0.552241806907376	0.212950362899587	-	-	
3823	N	N	3.1394991440805	3.16567195721824	3.1394991440805	0	1095	117	0	9	10	0.0792681787717899	N	0	0.0283528530304823	N	N	ENSG00000198467	ENSG00000026025	-	+	9	10	35691017	17279592	utr5p	utr5p	TPM2	VIM	35681989	17270258	-	+	0.0283528530304823	35689923	17271393	+	+	Y	N	tmp.defuse_outdir	1	1	1	0	1	N	N	ENSG00000198467|ENST00000378292	ENSG00000026025|ENST00000487938	-	-	0	0	0	CTGCTGCTCCTCCTCCAGCTGCTTGCAGCGGTCCTCAGCTTGCTTCTTGTCGGCTTCGGCCTGCTCGGCGCGGTCGATGGCGTTCTCCTTGTCCAGCTTCAGCATCTGCATCTTCTTCTTGATGGCGTCCATGGCTGCGGTGGGGGGTGGGCCGGCCGGCAGGCGGTGAGGACCGGACGGACTGGGCTGGGTGAGCGGACTGGGTGCACCGGTGGCAGGCGAGGAGGACGGAGCGGGACTG|GGCGGCGGTGGCGCGGACTGGCTCCCGGAGAAGAGGCGAACGAGGGCGCGGTGGGTGTGGGTGGTGGGAGCGCGGCTGC	4	1.29380925404158	1.01307705740991	1.29380925404158	1.01307705740991	1	110	0.253956635664112	0.0445026538532987	1	-	+	
3949	N	N	3.64759957832565	3.51576345331414	3.51576345331414	0	145004798	216	0	1	1	0.0217721309958922	N	0.933110875170635	0.00144092219020198	N	N	ENSG00000178104	ENSG00000215863	+	+	1	1	145076186	147931933	intron	intron	PDE4DIP	RP11-495P10.2	144836157	147835127	-	-	0.00144092219020198	145004798	147930759	-	-	N	Y	tmp.defuse_outdir	5	4.27586206896552	2	29	1	N	N	1	ENSG00000215863|ENST00000417554	SINE,SINE,SINE	-	0.534930139720559	0	0.534930139720559	TGACTTTTTAAAACTTTATTTTATTTATTTATTTGAGATGGAGTTTCACTCTTGTTGCGCAGGCTGGAGTGCAATGGCGTGATCTCCACTCACTGCAACCTCTGCCTTTCGGGTTCAAGCGATTCTCCTGCCTCAGCCTCCTGAGTAGCTGGGATAACAGGCATGTGCCACCACACTGGCAAACTTTGTATTTTTTGTAGAGACGGGGTTTCTCCATGTTGGTCAGGCTGGTCTCGAACTCCTGACCTCAGGTGATCCACCCACCTTGGCCTCCCTAAGTGCCACTGCGCCTGGCCTGTTTTTTTATTTTTTGTAGAGATGGGGTCTCACTGTGTTGCCCAGGCTGGTTTCAAGCTCCTAGCCTCAAGCAATCCTCCTGCCTTGGCCTCTCAAAGTGTTGGGATTGGCATCTCAAAGTGTTTGAGCCACAACACCTGGCAACTCTTAGCTCTTGTGGCCAGAGCAGGTCGTAGTCATGCCTTCA|TTTCTTCTGGGGCCGCCAACATAGGTAAAAGTAAAGGTGGAGTCTGAGTATCTGAAATCTGCAAACAGGCAGTCCTCAGCTCTGGACTTCTGGATCACGACGTCGATATCCTTCTGAATTCGGTCTTGCCTTGAACACATCCCCATTAAATAAATCCTTGGAAAAGAAGCAGCCGCTATTTCCACCCCACCCCCCTCGCACGCTTTCAG	29	3.02092255071029	1.23278051564339	3.02092255071029	1.23278051564339	2	3	0.0306136088091091	0.0419158194142696	0.793897619666186	-	+	
4182	N	N	3.30128837699106	3.73808832274579	3.30128837699106	1	149639224	79947386	0	2	5	0.0227139264468386	N	0	0	N	N	ENSG00000231079	ENSG00000228716	+	-	2	5	149643156	79950802	intron	intron	AC105402.4	DHFR	149635630	79922047	-	-	0.665550788187405	149639224	79947386	-	+	Y	N	tmp.defuse_outdir	3	2.86666666666667	2	15	1	N	N	2	5	-	-	0	0	0	ACACAGGTGGGAAACTGTTTAGACGGGCTCACATCACCCCATAAACAAATAGGTTTGGTCCTAGCCTTTCTATTAGCTCTTAGTAAGATTACACATGCAAGCATCCCCATTCCAGTGAGTTCACCCTCTAAATCACCACGATGATTTAGAGGTAAGGACTAAAGGGAAATCAAAGGTAGGGGGAGGTTTCCAACTGTGAATGGGAAGAAGAGC|CACAGCTTAAAACTCAAAGGACCTGGCGGTGCTTCATATCCCTCTAGAGGAGCCTGTTCTGTAATCGATAAACCCCGATCAACCTCACCACCTCTTGCTCAGCCTATATACCGCCATCTTCAGCAAACCCTGACGAAGGCTGCAAAGTAAGCGCAAGTACCCACGTA	15	0.44550979030677	0.799476473016258	0.799476473016258	0.44550979030677	1	21	0.00032717763011747	0.00158151805063685	1	-	+	
1555	N	N	3.353603498043	3.72717401544771	3.353603498043	1	132	330	0	8	8	0.976541925674771	N	0.00174520069808026	0	Y	Y	ENSG00000255364	ENSG00000182197	-	+	8	8	123440790	119124092	intron	coding	RP11-94A24.1	EXT1	123426571	118806729	-	-	0	123429261	119122324	+	-	N	N	tmp.defuse_outdir	1	1	1	0	1	N	N	ENSG00000255364|ENST00000533992	ENSG00000182197|ENST00000436216	LTR,LTR	-	0.725490196078431	0	0.725490196078431	CAAACATCCATGTAAATTATGGAATTCAGTCTTGGTTCCCTAAAATGGGAGTTTTCATCTCACAGCCATGCTCTGGCCATTACAATTCATATCCATCATATGCAAATCACACTTGCTTTACTCCCAAGACCTCCAAGGTTTCATCAACTCAAAGTCCAGGATGATGTCATCTAAATCAGATTCGAGTTTAGGTGAGACTCGTGAGTGTAGCTTCTTGGTTTCAGCAACTTGAATACAGTTTCTCTCAAACTCTGTGAA|TTCTCATACTCGGTGTTGTCTCTGTCACAGCGAGAATCCTTGTGCTTTTGCCAGTCTTTGCCATGCTTGCAGGTGGTGAGGAGCACAACGTCCTCCCCGTTATGGACGTGATATAAGGCATTCCTGGTGTCTGATCCTATCCCTGTCAGGTACCTCTTCCCCTTGAATACCAGCATGTACTTCCTGAGAGGAGGGATGGTGTTGAACTTCAAAAACCCCCTCTCCCCTCCTGTCCTGGGATGATCCTTAGAAAAGAGGGGAATAGAAACATCAAAGTTGGGTCGGAAGTTTTCAGTACTGATGCTGGCTTTGGC	15	1.27550063252212	1.61726156755197	1.61726156755197	1.27550063252212	4	15	0.568122287016805	0.513330555410181	1	-	+	
445	N	Y	3.52680574168821	3.71464399655714	3.52680574168821	531	2451	3814	0.98363743015035	15	15	0.268823952180475	N	0	0.98363743015035	Y	Y	ENSG00000140181	ENSG00000180229	-	+	15	15	23335196	20711433	utr3p	intron	AC091565.1	HERC2P3	23282281	20587869	-	-	0	23306734	20636488	+	-	N	N	tmp.defuse_outdir	3	2.75	2	4	1	N	N	ENSG00000140181|ENST00000454333	ENSG00000180229|ENST00000428453	DNA	-	0.0591133004926108	0	0.0591133004926108	GGCAAACTCGATGTTCCTTCTGGGAAATCCCATCTCCATGAGCTGCACCACGATCGGCAGAGCGGGAACGGGTGACTGCTTGCGCCTCTTCACTCTGGCAGGGCGGATGTGCTGCACGTTGACAGGCGTGGTGGCCTCACTGGAGCTGCAGTCTTCAAATCCTGGGCTCGAAGGGTGAGTGGACTCCACAACGGCCAGTGCAGCAGTCTCAAGTTCCTGTTTATCAAATATGGCCTTCACAGGAGACGGCTGGGTGGCCGAGGCCAGCAGCTGCTGCAAGAGGATCATGGGGGGCTGCGGCCCTTCAGGAGACATGTCCCCAAGGTCAGGTGATACCACTGCTCCATCATTGTTTTCATGTTTCCACAGCAATAAACATATACAGCTAGCCCTCCGTATCCATGGGTT|CTGCTTTCAGGATGTATAGCTTCAACTGCTGGCACCGCAGCAGGTCCAGGTCCACTTGTCCTGCAAAGGCCTGTTTAGTCGATTTCTTTATTTTGTGCTTTTCTAACTTGCTTCCAGCGAGG	4	1.25108913716285	1.2999121278814	1.2999121278814	1.25108913716285	2	5	0.884662900062045	0.617304162452789	1	-	+	
179	N	Y	3.45720067037699	3.63080414160633	3.45720067037699	474	191	29612015	0.758574928542262	4	20	0.851009560325079	N	0.847097454743433	0.847097454743433	N	Y	ENSG00000109536	ENSG00000149531	-	+	4	20	190884359	29634010	utr5p	utr5p	FRG1	FRG1B	190861943	29611857	+	+	0	190874223	29623254	-	+	Y	N	tmp.defuse_outdir	3	1.77777777777778	1	6	1	Y	N	ENSG00000109536|ENST00000226798	20	Low_complexity	-	0.163987138263666	0	0.163987138263666	CTGGAATCAGATAATTTGACAGCCGTAAACTGCTCTGGAGGACTAGGGCCCTCATCAACTTCTTTGTGTGGAGCTCCCAGGGTAAAAAGACCATTGTCGAGTGCATGTATATAGGTTCCCTTATCCATTTCAATGGCTATGGTTCCTGAAATTTCACCAAAGTTTGTTACTGTCCACCAGATTCCAACAATATCAAGCTGGGTTTCTTCATCTTCTTCTCTTTTTCTTTTCTTATCTTTGCTCTTTTTCTTCTTACTCTTCGTCTTGGTTCCCTTGAGCACGAGCTTGGTAGACTTCACGTAGGAGTACTCGGCCATGGCTCCGGGAAACTTCTGCGCGGAGAGGCTGA|AGCCGGCTCAGGACGAGTATGTGACCTGGAGCAGCACCAGGGCAGGGAGGAACAGAAGTGGAGGCGAAGTAAACACTCCCTGACAGCCTACGTCTGTCCAGAACCCGCCTCCGTCTTCACCCAA	9	1.59895294603252	0.616390257821695	1.59895294603252	0.616390257821695	4	1	0.850047159563266	0.779750819481109	0.969116765230911	-	+	
3820	N	N	3.57167229721571	3.80041266240192	3.57167229721571	1	1078	6857064	0	17	19	0.814513896569844	N	0	0	N	N	ENSG00000141499	ENSG00000141968	-	-	17	19	7606820	6857371	utr5p	intron	WRAP53	VAV1	7589389	6772722	+	+	0	7590696	6857064	-	-	Y	N	tmp.defuse_outdir	1	1	1	0	1	N	N	ENSG00000141499|ENST00000316024	19	-	-	0	0	0	ATGGGATTGGGGTTTTCCCCTCCCATGTGCTCAAGACTGGCGCTAAAAGTTTTGAGCTTCTCAAAAGTCTAGAGCCACCGTCCAGGGAGCAGGTAGCTGCTGGGCTCCGGGGACACTTTGCGTTCGGGCTGGGAGCGTGCTTTCCACGACGGTGACACGCTTCCCTGGATTG|GGTTGGCTGGTTCCCTGCCAACTACGTGGAGGAAGATTATTCTGAATACTGCTGAGCCCTGGTGCCTTGGCAGAGAGACGAGAAACTCCAGGCTCTGAGCCCGGCGTGGGCAGGCAGCGGAGCCAGGGGCTGTGACAGCTCCCGGCGGGTGGAGACTTTGGGATGGACTGGAGGAGGCCAGCGTCCAGCTGGCGGTGCTCCCGGGATGTGCCCTGACATGGTTAATTTATAACACCCCGATTTCCTCTTGGGTCCCCTCAAGCAGACGGGGCTCAAGGGGGTTACATTTAATAAAAG	58	0.848299463734808	1.7881420350669	1.7881420350669	0.848299463734808	1	71	0.621666962929917	0.839560488401602	1	-	-	
4396	N	N	3.54768941479713	3.31059539539258	3.31059539539258	0	139073494	35217105	0	8	6	0.908807593078541	N	0	0	N	N	ENSG00000253288	ENSG00000146197	+	+	8	6	139095813	35220856	intron	utr3p	RP11-238K6.1	SCUBE3	138821687	35182190	-	+	0	139073494	35217105	-	+	Y	N	tmp.defuse_outdir	1	1	1	0	2	N	N	8	6	-	-	0	0	0	CATCCATATAATATCAACTGAATTTCAGTACCCTACTTTTCCAAGATATTATGTTGTGATTGTGTATGGGTTTGCTACTCATGTATGGTTATAGTTGTCCCCTCCCTACAAAAGGACCCTGTTCTTATGGGGAGTGGACAATGGGATGACACAGCATGGATTGCCCACCCATGAATGTGTCTAAAATGTTTGCAAGCCAACATCACATACAGTGTTTATTACATAGACTGTTGTGTTGAAATTACTAGCTTATGTTCTAAATATTTTCCAGGCTATAAAAGTTGGTCTACCTCTTTAATGGATTTGGCAGTTTTACTGCGGGTT|CCAGGCAGACGTAGGGAAAGAAAGAGAGGATCTGTATAGACAAGAAAGCTGGCCATGTGGGAAGTCCAGAGCTCAAACCATGTGCCCCAGAGGACTGGTGCTGGCATTAAGCCTGTAAATCAAAGGCTTCTTTGGCAGGACCCTGGGCTGTTAGAATCACCCTAGGGAGCAGAGCCAGGGGACATTTTGGCCCCTGACTAGCAAGGCACAACCCTATAATGGCAGAAGCCCTTCTTTCCCCTCCCCGTTTCCCACCAGACCCACTTCCTTGATGGGCCTCTAGCACCCTTCCAAGCTGATGGGGTCGGGAATGTGAGCTGGTAAAATGGGCAGTGGAAGGGGCTGTACTGTTTCTTTACATCTCACGGGGACTAGAGCCAGTACTGAATGGCTTTTC	95	1.94071388106237	2.39232654520896	2.39232654520896	1.94071388106237	1	106	0.869813639437191	0.960270238872291	0.799470077200583	-	+	
1399	N	N	3.65488030998075	3.5963175270436	3.5963175270436	1	3172	70221010	0	5	5	0.855505563905557	N	0	0	Y	Y	ENSG00000250763	ENSG00000172062	-	+	5	5	69293569	70249769	intron	coding	RP11-974F13.6	SMN1	69274357	70220768	+	+	0	69292979	70221011	-	+	N	N	tmp.defuse_outdir	6	3.77777777777778	2	18	1	N	N	ENSG00000250763|ENST00000513644	5	-	-	0	0	0	GCAACCAAATTTGCACTTCCCTCAGTATCAGTCAGAAATAAATACAGGAAATTTAAGACTCAACTTTTCTGTTCTGATCAAGAGATCCTATTTATGAAGGGAAGATTATGAAAAGTCTCAGTGATGGACAGAAAGCCAAATAGTTGCGATTGTTGATATCTTTGTCTTCTTCAGATGATGCCTTTAGATCCAGCATTATCCCTCTTGTTCTCTCTTGAGAAAGAAGCTGTTTCTGAGACATACAGCTAACAGTAGAGACCGTGGAACAAAATGCTTGATTCGTAGGTCATTTTGTCTATAC|TGGCCTGTGCCGCGCCGGAACAGCACGGAATCCTCCTGCTCCGGGACGCCGCCACCACTGCCGCCGCTGCTCATCGCCATAGCAAACCCGCGGGTGCGCAGCGTGGGGCCCCGTCCCTTCTTAAGAGTGACGACTTCCGCCGCCCGGGGCTTCTGGGAG	18	2.33740068065059	0.671316122380064	2.33740068065059	0.671316122380064	4	14	0.683599180923831	0.812367503074322	1	-	+	
690	N	N	3.49424793801946	3.45447218342791	3.45447218342791	0	645	165100130	0	9	4	0.716813237771975	N	0	0	N	N	ENSG00000188921	ENSG00000145416	-	+	9	4	21031635	165305202	coding	intron	PTPLAD2	MARCH1	20995306	164445450	-	-	0	21008021	165100130	+	-	Y	N	tmp.defuse_outdir	1	1	1	0	1	N	N	ENSG00000188921|ENST00000380233	4	-	-	0	0	0	CTATTTCTCATTAAACTTACAGGAAAATAATCAGACTTCATACAATGTAAGTATAACTTGTATAAAATCCAAATGAAGCAGGAATTTTGGTGAAGCAGGGTATGGAGAATATATATGTCTTAAAAATACAATGTGTGAAAAACATAGCCTGTTATGTCTAGAGTTTTGGGGGTATGTGCAGTTATTTCATGTAATGGATTTTTATCAAATACAAGGTATTTTTCCACCAGAATACTTCCTGTGTTTTATTTACTGCACTGAATCCACAGCCTGTCTTTTCTCGTGTCACACTGGAATGCTGTACTTCACATCTTCTTTTTTTTAATGGGAAAGATTCCGAGGATGTCTCTTCTTTCTGAGTATAGATGACTGTAGGTAAAATACATACCT|GGAGAAAAAGTTCAGGGCTGCAGTTTATAGAGAACACCATGTGGCACGCAGACTCTCCCTGTGTTGGCGGGCAGTGTGGTTGTGGGATGAGACTACGTTCTCCTCCTCATACTGTTGCTGACAGTTTTCTGTTTCTATAAGTGGTTTATCAATGAGCACTGAGTTTGCCAGGGGCATAATCCCAGGGAGCAGAAGGAGCTG	8	1.32432362324067	1.25719201100267	1.32432362324067	1.25719201100267	2	6	0.643479865865937	0.687305426079734	0.929890890516697	-	-	
3032	N	Y	3.15103594599453	3.34785034969775	3.15103594599453	9	397	407	0.752288145072674	17	7	0.714442415338983	N	0.90776686252706	0.902496397528606	N	Y	ENSG00000184009	ENSG00000075624	-	+	17	7	79479827	5603415	coding	coding	ACTG1	ACTB	79476999	5566782	-	-	0.902496397528606	79479168	5569166	+	-	Y	N	tmp.defuse_outdir	1	1	1	0	1	Y	N	ENSG00000184009|ENST00000331925	ENSG00000075624|ENST00000462494	-	-	0	0	0	GATGACCTGGCCATCGGGCAGCTCGTAGCTCTTCTCCAGAGAAGAGGAGGATGCGGCGGTGGCCATCTCCTGCTCGAAGTCCAGGGCGACGTAGCACAGCTTCTCCTTGATGTCGCGCACGATTTCCCGCTCGGCCGTGGTGGTGAAGCTGTAGCCTCGCTCAGTGAGGATCTTCATGAGGTAGTCGGTCAGGTCCCGGCCAGCCAGGTCCAGACGCAGGATGGCGTGGGGGAGGGCGTAGCCCTCGTAGATGGGCACCGTGTGGGTGACCCCGTCTCCAGAGTCCATGACAATGCCAGTGGTGCGCCCAGAGGCGTAGAGGGACAGCACGGCCTGGATGGCCACGTACATGGCCGGGGTGTTGAAGGTCTCAAACATAATCTGAGTCATCTTCTCTCTGTTGGCCTTGGGGTTCAGGGGGG|GCCTCGGTCAGCAGCACGGGGTGCTCCTCGGGAGCCACACGCAGCTCATTGTAGAAGGTGTGGTGCCAGATTTTCTCCATGTCGTCCCAGTTGGTGACGATGCCGTGCTCGATGGGGTACTTCAGGGTGAGGATGCCTCTCTTGCTCTGGGCCTCGTCGCCCACATAGGAATCCTTCTGACCCATGCCCACCATCACGCCCTGGTGCCTGGGGCGCCCCACGATGGAGGGGAAGACGGCCCGGGGGGCATCGTCGCCCGCGAAGCCGGCCTTGCACATGCCGGAGCCGTTGTCGACGACGAGCGCGGCGATATCATCATCCATGGTGAGCTGGCGGCGGGTGTGGACGGGCGGCGGATCGGCAAAGGCGAGGCTCTGTG	7	2.06277135785874	1.78203916122708	2.06277135785874	1.78203916122708	4	1	0.445562053243981	0.396126697187789	5.77517907042584e-10	-	+	
1785	N	N	3.60785432895764	3.6491271616355	3.60785432895764	0	41	1016	0	1	1	0.241626870028215	N	0	0	Y	Y	ENSG00000171943	ENSG00000196369	-	+	1	1	121129949	144094424	intron	intron	SRGAP2P1	SRGAP2P2	121107124	143913615	+	+	0	121115832	144094424	-	+	N	N	tmp.defuse_outdir	6	2.75	1	12	1	N	N	ENSG00000171943|ENST00000367123	ENSG00000196369|ENST00000467933	-	-	0	0	0	CTCAATGCGAACGTTGGCCGTGGAGTCAGGGGAGCATGGGGTCTGCCGGTCCTCCTGCTTTACCGATTTACCAATTTGCTTCTCCTCCTGCTTCTCCGCCTCCTTTAGTTTGCTCTGAGCACTGATGCTGTCGGCATTGTACATGTGATATGTCTTCATGACCGAGTAGAGCTCGTTCAGGACCTTCATCAAATCATCTTGGAGCTGCTGGCCGA|CTTCTTTCGGAAGAAGTCCTGGAGGTCCTGCAACAGTTGCACCCGAAGCTCACACTGCTGGTCCAGGCATTTCATCTGCTCTGTGAGCTGAGCACGGATCTCTTTGACCTGAGTATCGTACTCTGCTATGATCTCCTTATCCTTTTTGAATTTGGCTGGAGACGTCATGTTTTCCTTCTTTCTTCCAAATTCGAATTGTGAATTGATAGATCCACGGAAAAAATCCAACCACCTAAATCAATACCTCCAAGACCGCTTCTCTCGAGGGCAGAAG	16	1.38535236163886	2.30078343761167	2.30078343761167	1.38535236163886	4	2	0.0303325822952038	0.0561941394159131	1	-	+	
4322	Y	Y	2.77581828689992	3.32423818963975	2.77581828689992	598	15226733	4234	0.937903058040358	16	16	0.010768090180119	N	0.84236930117937	0.980893248627802	N	N	ENSG00000179889	ENSG00000183458	-	-	16	16	15233195	15029565	intron	intron	PDXDC1	RP11-958N24.1	15068599	15005408	+	+	0.980893248627802	15226733	15020672	-	-	N	Y	tmp.defuse_outdir	3	2.33333333333333	2	9	1	N	N	16	ENSG00000183458|ENST00000534164	-	-	0	0	0	GGCGTCTGCTTTCCACAATGCAGCCCCCGCCCAGGAGGGCCCATGTGCTTACCCTGTTTTGCCCATGAAGAAACAGCTCAGTGTTGCGGGTCAATGCCCACATCACACAGCATCTAGCACGTAACTGCACCCCGGGAGTCGTGGGCATCTGCTGGCCTCCTGCCGGTCTCCTGCCCTGCTGACAGCTTGCTGTGCCGCCTGCCTGCCCC|AGTACGAGCGGGCCCTGGACGTGGCGGCAGAGCCCAAGCACGAGCGGCAGCGCCGAGCCCAGATACGCAAGAACATCACGGAGACTCTGGTGTCCCTGAGGGTCCACACTGTGGATGACATCCAGCAGATCGCTGCTGCGCTGGCCCAGTGCATGGGGCCCAGCAGGGAGCTCGTATGCCGCTCGTGCCTGAAGCAGACGCTGCACAAGCTGGAGGCCATGATGCGCATCCTGCAGGCAGAGACCACCGCGGGCACCGTGACGCCCACCGCCATCGGAGACAGCATCCTCAACATCACAGGAGACCTCATCCACCTGGCCAGCTCAGACGTGCGGGCACCACAGCGCTCAGAGCTGGGAGCCGAGTCACCATCGCGGATGGTGGCGTC	9	1.38535236163886	1.09851729116738	1.38535236163886	1.09851729116738	1	3	0.15705378551332	0.104611537444754	3.36080839379208e-08	-	-	
1044	N	Y	3.68887241100352	3.42630777866389	3.42630777866389	0	190	91806180	0	1	2	0.869776166968451	N	0.98372641509434	0.972877358490566	N	N	ENSG00000232527	ENSG00000233991	+	+	1	2	148951595	91809447	intron	intron	RP11-14N7.2	AC116050.1	148928322	91777536	+	+	0	148932920	91806180	+	+	Y	N	tmp.defuse_outdir	8	2.92105263157895	1	30	2	N	N	ENSG00000232527|ENST00000294715	2	Satellite	LTR	0.10077519379845	1	1	GGCGCACAGGAGACCTCAGGCCCAGACTCCACTCCCCAGCTGTGAAAGGACTGCTGGCCAGACCCCCAAGCTAGCCCGCCAGGCCTCCATAGAGCTGCCCAGCATGGCTGCATCCAGTACCAAGAGTTGGTGGGAGACGGGTGAGGTACAGGCTCAGTCTGCGGCCAAGACTCCGTCCTGCAAG|ATGGACTCTGTGACTACATGACTAATAAAATATGGCAGAAATGACACCATGCAGTTTCCAAGCCCAGGCCTTAGGAGACAGGCAGCTTCCAGTTCAGTCTTTTGGAGGGTCAGCTCTGGGGCCCTCAGCCATCACGCATGGAGTCCAACCACCCTGAGACGTCATGCTGGAGACCCACCTGTGGATGCCCCAGTCAAGAGTCCTGGCTGAGCCCAGCCTCCCAGCCACCCCCACCCAAGGCATCAGACCACGAAGCTTCTGGCCAAGGCTTCACCAACTTCACTTGATGCTGTGAGGAACAGAACTGCCCATCCAAGCCCTGCCAGAATTTCTAACCCACAAAGC	38	1.57454145067324	2.08718285321802	2.08718285321802	1.57454145067324	4	29	0.890617534351689	0.755281286498588	1	+	+	
1825	N	Y	3.47336426491055	3.73808832274579	3.47336426491055	310	152	17095056	0	11	22	0.211055215240815	N	0.848703917050691	0.97330069124424	N	N	ENSG00000255658	ENSG00000100181	-	+	11	22	130628495	17134699	intron	intron	AP003486.1	AC005301.5	130434325	17082801	-	+	0.97330069124424	130437453	17095056	+	+	Y	N	tmp.defuse_outdir	3	2	1	4	1	N	N	ENSG00000255658|ENST00000538996	22	LTR,LTR,LTR	LTR	0.5	1	1	TGTGGATCTTCAGTTACTTCCGGCCATCTGGATGCATACGTGCAAGTCACAGGGGATGCGATGGCCTGGCCTGGGCTCAGAGGCCTGACATTCCTGCCTTCCTCCACTGTGA|GAGTTACCCGAAGCTCGGCTTCTGTGATGGTCCAGGGGACTTCCGAGGCGATCGGGCAGCGTCAATCTTCAGTCGCTAAGCCGAATAGATCTGGGAAGGAGTCAGAGAGCCTTGGGCTAGAGCTTTAGGGGCTCCAGGAGTGGCTGTCGGGCGAGCTGGGCAGTCTGATTTCCAGTGGGTGCCTGCACAGATGGGAC	5	0.793373599176439	0.933739697492271	0.933739697492271	0.793373599176439	1	5	0.915699067977525	0.791607615109473	1	-	+	
2929	N	N	3.31489131844487	3.28296535696188	3.28296535696188	0	100271146	29226329	0	7	2	0.344269890448088	N	0	0	N	N	ENSG00000172354	ENSG00000189350	-	-	7	2	100276797	29275096	upstream	intron	GNB2	FAM179A	100271154	29179477	+	+	0	100271146	29226329	-	-	Y	N	tmp.defuse_outdir	1	1	1	0	1	N	N	7	2	-	-	0	0	0	GCTGGGCGAGACCAACTGCCTCGCACTTGGGGGAAGCCAGGAGACAAAACCCCACCGAGGGAGCAAAGACGGGCCCAGTCGCTCCCAAGGTTCTCACCCTACGCTTTGTGGACGCAAACCGTACTCAAAGGGTTTGCTTCACGGAAAGGAGTAAGACATCCCCCCTCTGGGACTGGAGGAGGTGG|CCAGACCCCTGTCCCGCCTCTGCTCCCAGGCGCAGATCTCCTGGCAATACCTGCACTGCAATGATGAGAAGATGCAGAAGTCCCTGGGCGCCATCGTGATCCCACCCATCCCAAAGGCCAGGACGGTTGCAGCGACCCCCTCCCGTGTGCCT	5	0.970356940531183	0.59197876246242	0.970356940531183	0.59197876246242	1	4	0.145931204375682	0.202778789836749	1	-	-	
3621	N	N	3.60103760561896	3.46448140203209	3.46448140203209	10	983	95242485	0	2	5	0.862639933413213	N	0	0.019290561750725	N	Y	ENSG00000187957	ENSG00000118985	+	-	2	5	230579274	95297775	coding	coding	DNER	ELL2	230222345	95220802	-	-	0.019290561750725	230450574	95242486	-	+	Y	N	tmp.defuse_outdir	2	1.2741935483871	1	34	3	Y	N	ENSG00000187957|ENST00000341772	5	-	-	0	0	0	GTGACACTGCCTACCTGGCAGCCGAAAACAGGGCAGAAAGTTGTAGAAATGAAATGGGATCAAGTGGAGGTGATCCCAGATATTGCCTGTGGGAATGCCAGTTCTAACAGCTCTGCGGGTGGCCGCCTGGTATCCTTTGAAGTGCCACAGAACACCTCAGTCAAGATTCGGCAAGATGCCACTGCCTCACTGATTTTGCTCTGGAAGGTCACGGCCACAGGATTCCAACAGTGCTCCCTCATAGATGGACGAAGTGTGACCCCCCTTCAGGCTTCAGGGGGACTGGTCCTCCTGGAGGAGATGCTCGCCTTGGGGAATAATCACTTTATTGG|GAAAAGAGTGCAAATTCGGAAAGCACCTCAAGCTGTTTCAGATACAGTTCCTGAGAGGAAAAGGTCAACCCCCATGAACCCTGCAAATACAATTCGAAAGACACATAGCAGCAGCACCATCTCTCAGAGGCCATACAGGGACAGGGTGATTCACTTACTGGCCCTGAAGGCCTACAAGAAACCGGAGCTACTTGCTAGACTCCAGAAAGATGGTGTCAATCAAAAAGACAAGAACTCCCTGGGAGCAATTCTGCAACAGGTGAGGACAGCTGGAGAGAGGTCCTTCCTGCTTACCTTCTTGTTAAAATGTTCATTTAAAAAAGCTTGTTGTCATTATTATCATTATTATTGAGATAGAGAAATTTTAGGATTATTTTGATCAGTGGTATGTGAAATACAACTCCTGAATATTAAGTTAAATCATCTCATTTTAAGCACTTAATTAAAAACTAGTTGAAATGTGAGCATTGTCT	124	1.99563974562074	2.92327656927319	2.92327656927319	1.99563974562074	4	81	0.643129895633256	0.983950759531517	0.316378046604785	+	+	
936	N	Y	3.45447218342791	3.6565358743666	3.45447218342791	343	1636	91850745	0.0275348234531908	12	14	0.253940667442476	N	0.975380628441853	0.975380628441853	N	N	ENSG00000187109	ENSG00000015133	-	+	12	14	76478738	91884152	utr3p	intron	NAP1L1	CCDC88C	76438682	91737669	-	-	0.975380628441853	76441487	91850745	+	-	Y	N	tmp.defuse_outdir	1	1	1	0	1	N	N	ENSG00000187109|ENST00000393263	14	-	-	0	0	0	CTTGCTTATTAGTATAGCATCTCGTTCCAAAGCTGGTACCTTTTCTTCAACAATGTGTTAAAAACTGAGTATAACCCTTAATTCAAGGTAGGCCTCTACTTCTACCTGAATTGGTACAAAATTAAGACATTATCTTGTAAGAACTAAAATTGTATTTGAAATTTTTATTTTAGCTGCAAAAACAAAAACAAGCAAACAAACAACAAATAACTTGAAAATAGGCTTGTCAAATGATGTAAATTCATCCTTTCCAGGGAAGCA|GAAGGTAGACCATCCTGCTTCACTGCTGCTTGCACTCTGTTGGGTTTTGATCCTTCTTTGGGTCATAGTCTGGATCATTTT	4	1.66608455827052	0.732344860778251	1.66608455827052	0.732344860778251	2	5	0.682204835509593	0.28307029956523	0.619714300581682	-	-	
3804	N	Y	3.53089397807781	3.35719722089263	3.35719722089263	0	132	9916548	0	1	21	0.815319864648162	N	0.976623218911917	0.976623218911917	N	Y	ENSG00000185044	ENSG00000227328	+	-	1	21	143467658	9968585	intron	intron	BX004987.4	CR392039.1	143354963	9907194	-	-	0	143467571	9966380	-	+	Y	N	tmp.defuse_outdir	2	1.25	1	1	1	N	N	ENSG00000185044|ENST00000436326	21	-	-	0	0	0	CCGGAAGTGCGGATCCCAGCGGTGGTCGTGTAGCTGAGCAGGCCTGGGGCTTGGTTCTATGTCCCTGTGGCTATGTTTCCAGTGTCCTCTGGGTGTTTCCAAGAGCAACAAGAAACGAATAAATCTCT|GACCCTTCTCAGGTGCAGCCAGAGAGACACTAGCCCACTGATGGACGGACAGACGTGGGCAGGGTCCGTGTCACTAAACCACCCACCACTGCCACAGCTGCCTACAACAGACACATCAGATGACACTCCGGGCATATAAATGATTTTCACTGAGGACTTACTGGTTTTAATAATAGGTCCTGGTGTAGAGAAGTCCCTCAACCTATTGTGCAATGAGTTTTGAGAAGCGGGTAAGCTGTATGTTTTGTGGTTTTGTT	4	0.585875888622601	1.13513453420629	1.13513453420629	0.585875888622601	4	25	0.373997647341114	0.659378843436982	0.939228304325094	+	+	
4384	N	N	3.28599001835805	3.43784458057793	3.28599001835805	0	114208432	202	0	8	8	0.957279157292495	N	0	0	Y	N	ENSG00000164796	ENSG00000249859	+	+	8	8	114449328	129113499	intron	intron	CSMD3	PVT1	113235157	128806779	-	+	0	114208432	128806980	-	+	N	N	tmp.defuse_outdir	1	1	1	0	2	N	N	8	ENSG00000249859|ENST00000504719	LINE	Low_complexity	0.856589147286822	0.169902912621359	0.856589147286822	CCAAAATGTCTTTAAAGCTTTGTGTCCATTTGTCTATATAACAGTATCTTCTAAAGTCTATTCACCCCAATCTGCCCACCTTTCCCAAATAAGTCATGTGTATTCATACCTCTGGCTTTGCAAAATGTCCCTTCTTCTGAATAGTCTTTCATTCCATCTTTACCCAGTGAGTTTTTATGCATAATTGAAGAGCCAAATCAAATATATTTTTTCAGTTTTCCAGTAGAATGACTTTTTTTCTTTTTCTTGTGGCCCCATGACT|TGGAGGGCAGATCTGGCCGTGTCTCCACAGGTCACAGGGACCGCCAACATCCTTTCCGCAAGGAAATCCACTGGAAGGTGCCGGGGGTCCCGGGGCACATCTTTGCTCGCAGCTCGTCGTCGCCCCTCCTCGTCCCGGCCGCCCCGAGCCCGCCCGGCCCGCGGGCCCATGTGCTCGGCCGCCACACGCGCTCTGC	19	1.57454145067324	1.25719201100267	1.57454145067324	1.25719201100267	4	9	0.249761134732048	0.93530717424077	0.537647058797292	-	+	
2440	N	N	2.3602313455018	3.45976132345673	2.3602313455018	10	278	12	0	17	6	0.277358924055391	N	0.0482323849895383	0.0482323849895383	N	N	ENSG00000132507	ENSG00000231500	-	-	17	6	7215782	33244287	utr5p	utr5p	EIF5A	RPS18	7210318	33239787	+	+	0.0138311458927746	7210969	33239887	-	-	Y	N	tmp.defuse_outdir	3	1.8	1	2	1	N	N	ENSG00000132507|ENST00000336458	ENSG00000231500|ENST00000496813	Simple_repeat	-	0.258426966292135	0	0.258426966292135	GTGGCTGAGGCCCCTGCATCTCCTGTCTCGAAGTCCAAGTCATCTGCCATTTTAAGAGGCTTCGATTCCAACTCGCGCGAACGCACTGACTCGACCCCGTCCGCTCGCCGCGAGCCCAACCGCTGCCTCCGAGCCCGCTGCCGCCGCCGCCGCCGCCTCTACCGCCGCCGCCGC|TGCTGCAGCCATGTCTCTAGTGATCCCTGAAAAGTTCCAGCATATTTTGCGAGTACTCAACACCAACATCGATGGGCGGCGGAAAATAGCCTTTGCCATCACTGCCATTAAGGGTGTGGGCCGAAGATATGCTCATGTGGTGTTGAGGAAAGCAGACATTGACCTCACCAAGAGGGCGGGAGAACTCACTGAGGATGAGGTGGAACGTGTGATCACCATTATGCAGAATCCACGCCAGTACAAGATCC	5	1.08631154348774	1.47079259539632	1.47079259539632	1.08631154348774	1	4	0.974739557101908	0.98867468644543	1	-	-	
1523	N	N	3.50268972052044	3.65657572715995	3.50268972052044	10	807	16508370	0	9	9	0.972631486364066	N	0	0	N	N	ENSG00000099810	ENSG00000173068	+	-	9	9	22032985	16870841	coding	intron	MTAP	BNC2	21802635	16416404	+	-	0	21854869	16508370	+	+	N	Y	tmp.defuse_outdir	2	1.03703703703704	1	1	5	N	N	ENSG00000099810|ENST00000419385	9	-	-	0	0	0	ACCACAGCTTGTGGCTCCTTGAGGGAGGAGATTCAGCCCGGCGATATTGTCATTATTGATCAGTTCATTGACAGGACCACTATGAGACCTCAGTCCTTCTATGATGGAAGTCATTCTTGTGCCAGAGGAGTGTGCCATATTCCAATGGCTGAGCCGTTTTGCCCCAAAACGAGAGAGGTTCTTATAGAGACTGCTAAGAAGCTAGGACTCCGGTGCCACTCAAAGGGGACAATGGTCACAATCGAGGGACCTCGTTTTAGCTCCCGGGCAGAAAGCTTCATGTTCCGCACCTGGGGGGCGGATGTTATCAACATGACCACAGTTCCAGAGGTGGTTCTTGCTAAGGAGGCTGGAATTTGTTACGCAAGTATCGCCATGGCGACAGATTATGACTGCTGGAAGGAGCACGAGGAAGCA|ATGTTGGTGATACAGTCTACCCAAGTATGTGGCAAGAATTCTACATACCAAAACCTGTTTAAGAGTTGACTGATGTGTTGGAAATGTCCGCGATGATCAAGTCCAAGATGTCTTTGACCAGAAGTCCTGAGGACCTATGGAGCAGAATAAGTAAGTCTCCTTTTAGGGTTTATAGCAGAATCTTAAAATTTGTTAGTGTGTTGAATTATGGACAAAGAAGCAATGCGGACCTTTGTTGCAG	27	2.5693098865637	1.56843857683342	2.5693098865637	1.56843857683342	4	26	0.88180486432848	0.685777598324001	1	+	+	
4385	N	N	3.5295342286373	3.63655728995158	3.5295342286373	0	114093541	293	0	8	8	0.91568988432037	N	0	0	Y	N	ENSG00000164796	ENSG00000249859	+	+	8	8	114449328	129113499	intron	intron	CSMD3	PVT1	113235157	128806779	-	+	0	114093541	128808254	-	+	N	N	tmp.defuse_outdir	1	1	1	0	2	N	N	8	ENSG00000249859|ENST00000524165	LTR,LINE	Low_complexity	0.746031746031746	0.147679324894515	0.746031746031746	ATTGTGGGAATGTGGACTGCTGAGGATCTTCTGCTTACCTTTTTCCAGCAGTGGGGGAGTCCCAACAAAGACACAGGGGTGAAAACCATTTGATGATTCTGGTAGAGATTGAAATGACACACCTCCAAGCCAAGGAACACTGAGAATTTGTCAACTACCACCAGAAG|CTCCAAGATGTAACTCATCTCAAATAATGGAGACCAGGCCACGAGGTTTCTCCCAGACACGGATTCTGTATTTGTCCTTCTGCAGCTTCCGGGAAGGTTTTTCTCCTAATAAATCTGGAGGGCAGATCTGGCCGTGTCTCCACAGGTCACAGGGACCGCCAACATCCTTTCCGCAAGGAAATCCACTGGAAGGTGCCGGGGGTCCCGGGGCACATCTTTGCTCGCAGCTCGTCGTCGCCCCTCCTCGTCCCGGCCGCCCCGAGCCCGCCCGGCCCGCGGGCCCATGTGCTCG	6	0.768962103817164	1.44638110003705	1.44638110003705	0.768962103817164	4	1	0.847700500392265	0.777289509672757	0.125596771690918	-	+	
2595	Y	Y	3.26464233693271	3.48490106682458	3.26464233693271	745	34	766	0.94852279803501	16	16	0.00905251719928382	N	0.389137203348786	0.979409119214004	N	Y	ENSG00000250251	ENSG00000183458	-	+	16	16	15248421	15029565	intron	intron	AC139256.2	RP11-958N24.1	15219099	15005408	-	+	0.327364560990798	15224931	15024023	+	+	N	Y	tmp.defuse_outdir	4	2.33333333333333	1	8	1	N	N	ENSG00000250251|ENST00000424133	ENSG00000183458|ENST00000451700	-	-	0	0	0	GGGGCTCCGAGTGCAGGTAGACTGCCAGGTAGGGCTCGGGTTCCTCAGACAGGTAGCGGCCCGCTGCACGCACCGTCCAGCAGCGTATAGTTGAGCTGCAGATGCAGCACGGCCGCAGGGTTGCTGCTGTCCAGGGTGACCACAGCACCGACGGAGGCCTGGGGCTGGACCACAACGGAGTTGGCAGAGCTGCGGTGGCCCCGGGCAGCCCAGTCCGAGTTGTTGGGCACCTTCACGGTGATGGCGCGCTCTGAGGCCAGCCGCTCGATGGGGATCTGGGCGCCGGCCTGTGTCTGGAACGCCATCGAGGCCACCTTGGTGGAGACGGTGTAGTTGCTGATATAGCCAAAGGGAAAGGGATTGGAGTCCACCAGAAAGATGAGCTGCACCACGTCACTGAGGTTAGCCGGGGCCCTGCTGAAAGCCTAGGGGATGGAGAAGTGGCAGCCAGGC|CCTGGGACGCCACCATCCGCGATGGTGACTCGGCTCCCAGCTCTGAGCGCTGTGGTGCCCGCACGTCTGAGCTGGCCAGGTGGATGAGGTCTCCTGTGATGTTGAGGATGCTGTCTCCGATGGCGGTGGGCGTCACGGTGCCCGCGGTGGTCTCTGCCTGCAGGATGCGCATCATGGCCTCCAGCTTGTGCAGCGTCTGCTTCAGGCACGAGCGGCATACGAGCTCCCTGCTGGGCCCCATGCACTGGGCCAGCGCAGCAGCGATCTGCTGGATGTCATCCACAGTGTGGA	12	2.26416619457276	2.25806332073294	2.26416619457276	2.25806332073294	1	3	0.013476905357936	0.0280050550382676	0.0240975251469162	-	+	
1569	N	Y	3.60888739872753	2.75587955527825	2.75587955527825	465	92	45246393	0.262704174228675	16	1	0.00803693857430256	N	0.602994555353902	0.614337568058076	N	N	ENSG00000134419	ENSG00000234093	-	+	16	1	18801656	45246387	utr5p	upstream	RPS15A	RP11-269F19.4	18792617	45245998	-	-	0.523593466424683	18800440	45246393	+	-	Y	N	tmp.defuse_outdir	4	2.06666666666667	1	10	1	N	N	ENSG00000134419|ENST00000322989	1	-	-	0	0	0	AACGACCAAGTGGAAGCACCAGAGTCCATGAGGCATTTTATTTGTAAATATATGTATTACATCCCTAGAAAAAGAATCCCAGGATTTTCCCTCCTGTGTGTTTTCGTCTTGCTTCTTCATGGTCCATGATGCCAGCTGAGGTTGTCAGTACAATGAAACCAAACTGGCGGGATGGAAGCAGATTATTCTGCCATTTTTCCAGGTCTTTGAGTTGCACGTCAAATCTGGGGCTGATCACCCCACACTTGTTTAGCCTGCCTGTGAGGTTCACAACAATTTTCCCAGCTCTGTGGTCATCAATGATTTCAAATTCGCCAATGTAACCATGCTTCATCATCACAGTGAGAAACCGGACGATGACTTTGGAGCACGGCCTAATAAGCACCTGGCGTTTGCCTCTCTTTTCGGCATTGTTGATACTCTTGAGAGCATCTGCCAGGACATTCATGCGCACCATTGTGG|CGGCGTGGAAAGATGGCGGAAAGAGGACGGGAGGGGAGAGCGCACGGAGTTATGGGCCACTTTTTGTATTTTTAGTAGAGAGGGTTTC	15	1.03748855276919	0.64080175318097	1.03748855276919	0.64080175318097	2	52	0.162309349938359	0.0337445029321547	5.86694376215593e-06	-	-	
3055	N	Y	3.09980732787497	3.29227237536341	3.09980732787497	0	58987877	124	0.599749233769852	14	14	0.045128777386055	N	0.887108758242779	0.887108758242779	N	N	ENSG00000100578	ENSG00000092199	-	+	14	14	59015546	21737638	intron	utr5p	KIAA0586	HNRNPC	58894103	21677295	+	-	0.681851955047831	58987877	21737459	-	-	N	Y	tmp.defuse_outdir	4	3	2	10	1	N	N	14	ENSG00000092199|ENST00000445284	-	-	0	0	0	AGGATCCGTCTTGTCGGCAACGTTGCTGGCCACTGTGTTGGATGATGAGGCTTCTCACAAAGCCAAAAATGTAGCTGAAGATCAAAAAAATCTCACA|AGAAGGGGAGGGAGAAGAGATTCGATTCTGAGTCTCCTACTCCCGGGTTCTGCGTAGAGAAGCCGACTGCTGCTGGAGGTCGGCAACGCGGCCACAACCGCTCAGTCTTCGTCTCTTCACAAAA	10	0.634698879341151	0.714036239258795	0.714036239258795	0.634698879341151	1	29	0.774002244487193	0.327704589436782	0.141876472445581	-	+	
1556	N	Y	3.55976477294109	3.57314879434887	3.55976477294109	0	1632	66406515	0	6	7	0.0872518813917121	N	0	0	N	N	ENSG00000118523	ENSG00000106609	+	+	6	7	132272513	66423538	utr3p	intron	CTGF	C7orf42	132269316	66386212	-	+	0	132270023	66406515	-	+	Y	N	tmp.defuse_outdir	2	1.16666666666667	1	1	1	N	N	ENSG00000118523|ENST00000367976	7	-	Simple_repeat,LINE	0	0.666666666666667	0.666666666666667	CAATGACATCTTTGAATCGCTGTACTACAGGAAGATGTACGGAGACATGGCATGAAGCCAGAGAGTGAGAGACATTAACTCATTAGACTGGAACTTGAACTGATTCACATCTCATTTTTCCGTAAAAATGATTTCAGTAGCACAAGTTATTTAAATCTGTTTTTCTAACTGGGGGAAAAGATTCCCACCCAATTCAAAACATTGTGCCATGTCAAACAAATAGTCTATCAACCCCAGACACTGGTTTGAAGAATGTTAAGACTTGACAGTGGAACTACATTAGTACACAGCACCAGAATGTATATTAAGGTGTGGCTTTAGGAGCAGTGGGAGGGTACCAGCAGAAAGGTTAGTATCATCAGATAGCATCTTATACGAGTAATATGCCTGCTATTTGAAGTGTAATTGAGAAGGAAAATTTTAGCGTGCTCACTGA|GGCTAGAGTGCAGTGGCGTGATCATAGCTCACGGCAG	6	2.09328572705784	0.238012079752932	2.09328572705784	0.238012079752932	1	2	0.327563534557215	0.221176356649094	0.417765334303911	+	+	
3336	N	N	2.9805621892984	3.14371536154608	2.9805621892984	6	132272359	82400573	0	6	11	0.0784822935548094	N	0.0485976408912189	0.0211533420707732	N	N	ENSG00000118523	ENSG00000227097	+	-	6	11	132272513	82400944	utr5p	intron	CTGF	RP11-742N3.1	132269316	82400571	-	+	0.0211533420707732	132272359	82400573	-	-	Y	N	tmp.defuse_outdir	4	3.75	3	4	1	N	N	6	11	Low_complexity	DNA	0.713114754098361	0.0497925311203319	0.713114754098361	CACCCTCCAGCTCGACGGCAGCCGCCCCGGCCGACAGCCCCGAGACGACAGCCCGGCGCGTCCCGGTCCCCACCTCCGACCACCGCCAGCGCTCCAGGCCCCGCCGCTC|TCCGCCAGACCGCCGCCGCGCCGCCATCATGGACACCAGCCGTGTGCAGCCTATCAAGCTGGCCAGGGTCACCAAGGTCCTGGGCAGGACCGGTTCTCAGGGACAGTGCACGCAGGTGCGCGTGGAATTCATGGACGACACGAGCCGATCCATCATCCGCAATGTAAAAGGCCCCGTGCGCGAGGGCGACGTGCTCACCCTTTTGGAGTCAGAGCGAGAAGCCCGGAGGTTGCGCTGAGC	4	0.744550608457889	1.04359142660901	1.04359142660901	0.744550608457889	2	2	0.486753418082567	0.30532946392162	1	-	-	
4195	N	Y	3.40232489624531	3.28139792085868	3.28139792085868	239	149639295	125606660	0	2	X	0.0983274806061851	N	0.935456376878971	0.870912753757942	N	N	ENSG00000231079	ENSG00000231501	+	+	2	X	149643156	125606867	intron	upstream	AC105402.4	MTND4LP1	149635630	125606711	-	+	0.935456376878971	149639295	125606660	-	+	Y	N	tmp.defuse_outdir	2	2	2	11	1	N	N	2	X	-	-	0	0	0	AACTGTTTAGACGGGCTCACATCACCCCATAAACAAATAGGTTTGGTCCTAGCCTTTCTATTAGCTCTTAGTAAGATTACACATGCAAGCATCCCCATTCCAGTGAGTTCACCCTCTAAATCACCACGAT|CAAAAGGAACAAGTATCAAGCACGCAGCAATGCAGCTCAAAACGCTTAGCCTAGCCACACCCCCATGGGAGACAGCAGTGATAAACCTTTAGCAATAAACGAAAGTTT	11	0.292937944311301	0.671316122380064	0.671316122380064	0.292937944311301	3	32	0.989828508284546	0.975910545155628	0.0174971050651383	-	+	
1424	N	N	3.5701752191294	2.61006976645234	2.61006976645234	0	128	136407113	0.0632215503023638	19	X	0.0309891812169488	N	0.379384277075316	0.22715777899945	N	N	ENSG00000108107	ENSG00000214748	+	-	19	X	55903449	136407208	coding	downstream	RPL28	RP11-332E4.1	55897300	136407131	+	-	0	55897942	136407113	+	+	Y	N	tmp.defuse_outdir	1	1	1	0	1	N	N	ENSG00000108107|ENST00000428193	X	-	Simple_repeat	0	0.133333333333333	0.133333333333333	CTCTTTCCGTCTCAGGTCGCCGCTGCGAAGGGAGCCGCCGCCATGTCTGCGCATCTGCAATGGATGGTCGTGCGGAACTGCTCCAGTTTCCTGATCAAGAGGAATAAGCAGACCTACAGCACTGAGCC|CAATAAAGTCAGCTGGCTTTCTCAAAAAAAAAAAAAAAAAAAAAGAAAGCCTGGCCTGGAGGATTCAGTATGTGGATTAACCCCT	5	0.854402337574627	0.64080175318097	0.854402337574627	0.64080175318097	2	1	0.0753207906191068	0.138655219015869	0.0880215039786053	+	+	
2429	N	N	3.23065023590994	2.18533368467738	2.18533368467738	0	884	347	0.562635343526478	2	2	0.0451574202868175	N	0.00321543408360148	0	N	N	ENSG00000115053	ENSG00000187514	-	+	2	2	232348352	232578251	coding	coding	NCL	PTMA	232318242	232571605	-	+	0	232325548	232576684	+	+	N	Y	tmp.defuse_outdir	3	1.75	1	2	1	Y	N	ENSG00000115053|ENST00000322723	ENSG00000187514|ENST00000409321	Simple_repeat,Simple_repeat	Low_complexity	0.305263157894737	0.337837837837838	0.337837837837838	GCCATTTCCTTCTTTCGTTTTCCAGGTGCTTCTTTGACAGGCTCTTCCTCCTCCTCTTCTTCCTCCTCCTCATCATCTTCATCATCATCATCTTCATCATCTTCGTCGTCGTCGTCATCCTCGTCCTCATCATCCTCTTCTTCATCTTCATCCTCAGCCACGTTCTTGGCTTTCACAGGAACAACTTTTGCAGCTTTCTTTCCTTTGGCTGG|CTTCTTCCTCCTCCTCTTCCTCCCCACCTTCTTCCTCTTCTTCGTCTACCTCATTGTCAGCCTCCTGCTCCCCATTTTCCTCATTAGCATTCCCGTTA	4	1.47689546923614	0.903225328293177	1.47689546923614	0.903225328293177	1	3	0.281439734279973	0.15593807142387	0.148458967962124	-	+	
2321	N	N	3.38337003403037	3.09087103183403	3.09087103183403	3	25	2926	0	5	17	0.100928351022028	N	0	0	N	N	ENSG00000181163	ENSG00000108821	-	+	5	17	170838141	48278993	utr5p	coding	NPM1	COL1A1	170814120	48260650	+	-	0	170814857	48266760	-	-	Y	N	tmp.defuse_outdir	2	1.6	1	3	1	Y	N	ENSG00000181163|ENST00000351986	ENSG00000108821|ENST00000225964	-	-	0	0	0	TGCCAGTGTTACTTTAATTGGACTGCCTTCGTAATTCATTGCCTCTGCTTCAACAATGTGCAACTCATCCTTTGCACCAGCCCCTAAACTGACCGTTCTTAAAGATAACTGGTGCTCATTTTCATCATTATCCACCTTAAAGTGATAATCTTTGTCGGCCTTTAGTTCACAACCGAAAAGATAGTTCTGGGGCCTCAGGGGGCTCATGTCCATGTCCATCGAATCTTCCATCGGGTGGCGGCACGCACTTAGGTAGGAGAGAAGGCGGACGGAGATAAAAGAACGCTGCTCCAGAGAACAACCGCGCAGGACGGAATCACACCAGGG|GATCCTTTCTCGCCAGCAGGGCCAGGGGGACCAGGGGGACCAACTTCACCAGGACGTCCAGCAGGGCCAGTCTCACCACGGGGACCTTTGCCGCCTTCTTTGCCAGCAGGACCAGGAGGGCCAGG	5	1.35483799243977	0.829990842215352	1.35483799243977	0.829990842215352	1	3	0.147963122233763	0.101390004236938	0.955160147374626	-	+	
2831	N	Y	3.26294691975351	3.12332620197713	3.12332620197713	155	49516896	133044782	0	4	2	0.0374441138584274	N	0.911025517573423	0.940683678382282	N	N	ENSG00000249952	ENSG00000230803	-	+	4	2	49518352	133051950	upstream	intron	RP11-241F15.4	AC097532.2	49517190	133043368	+	-	0.955512758786711	49516896	133044782	-	-	Y	N	tmp.defuse_outdir	6	4.83333333333333	1	5	1	N	N	4	2	Satellite	Satellite	1	1	1	TGGAACTGACTCCAGCTGCAATGTGGGCGTGGTTGGAGAGTAGCTGGGACAGACGGGAGAGTCCCTGAGGGCTGGTGAAGACATGAG|AGAGACTGGAGAGTAATTGAGTGGAATTGGTGAGTTTGGTGGTGATTTCTGGGTGCCTGGAACTGAC	6	0.854402337574627	0.952048319011727	0.952048319011727	0.854402337574627	3	6	0.94590896939168	0.554750564947843	0.00136493409230891	-	-	
2919	N	Y	3.50785087947327	3.50000108636471	3.50000108636471	309	128266347	182	0.972118496390341	7	1	0.0372470815214714	N	0.958177744585512	0.958177744585512	N	N	ENSG00000223189	ENSG00000214837	-	+	7	1	128267329	243265046	upstream	intron	U6.921	RP11-261C10.3	128267226	243219131	+	-	0	128266347	243252625	-	-	Y	N	tmp.defuse_outdir	2	1.5	1	2	1	N	N	7	ENSG00000214837|ENST00000427210	-	-	0	0	0	ACTTGTCCATCCATTTTCTATATTCCAGCACTGGGAAACTAGGGTTTATCCATCTTGATAAGATGTCATTTAAATTCCACTTCGCAAGAACCACAAATGGAAGAAAGGCCATGAAACCACAGGACAGTACTTGTTCTCAAGGGAATCTTCAGCTCAGGTGGCTCT|CACAAAGCTGATTTATCAAGTTGTAAATCTTCACCTGTTGAATTCATAAGTTCATGTCTTACAAGGAGAAACGTGTAAGGATGGCATGACTCGCCGGCAGCCCTGGGCTTGTCCACGGTACCCCCATGATGAACAGTAACTCC	4	0.720139113098614	0.671316122380064	0.720139113098614	0.671316122380064	3	10	0.383143352908518	0.134985685323049	0.609295478139877	-	+	
765	N	Y	3.66488952858494	3.3991324009798	3.3991324009798	205	398	76483903	0.848568398727466	1	3	0.220323756749345	N	0.891834570519618	0.913467656415694	N	N	ENSG00000131236	ENSG00000185008	-	+	1	3	40538321	77699115	coding	intron	CAP1	ROBO2	40505905	75955846	+	+	0.913467656415694	40533334	76483903	-	+	Y	N	tmp.defuse_outdir	1	1	1	0	1	N	N	ENSG00000131236|ENST00000414893	3	-	-	0	0	0	AGCCTTCAGGGCAGGGTTCTTGTGAGTCTTCATGTCATCAGATACATGTTTCAGGGCATGTGTAATGCTCTCCCCCTGATTAATCTGCGCGAACAGTGATGAGCGGGAAGCA|GACTCATCTGAGCCTCAACTGGTAGAGACTGGGGGAGGAGGGGGGCCTGCCTGGTGAACGGGGAGGAGGACCTGATCCAGCAGAGGGTCCAG	5	0.604184510142057	0.634698879341151	0.634698879341151	0.604184510142057	2	4	0.912361113928557	0.559892207016967	0.0250943805455053	-	+	
3036	N	Y	3.58697065584872	3.48593413659447	3.48593413659447	0	16154782	39926340	0	1	19	0.669517682018429	N	0.740389576883385	0.740389576883385	N	N	ENSG00000178715	ENSG00000105193	+	-	1	19	16155167	39926618	intron	coding	RP11-169K16.8	RPS16	16154724	39923852	+	-	0.740389576883385	16154782	39926340	+	+	Y	N	tmp.defuse_outdir	1	1	1	0	1	N	N	1	19	-	-	0	0	0	AAACAAAAAAACACACTCACTCTAGTCCACGCCCGCAGCCATGCCGACCAAGGGCCCGCTGCAGTCGGTGCAGGTCTTCGGACGCAAGAAGACAGC|GACAGCTGTGGCGCACTGCAAACGCGGCAATGGTCTCATCAAGGTGAACGGGCGGCCCCTGGAGATGATTGAGCCGCGCACGCTACAGTACAAGGTGCTGGGATCCGGCACCGGCGTTGAGTGGATGGAGGACTCTTGGAGACAGAGATGTTGTAGCTCTTGAAAGCTGGGGGGGCTGGCATCAGCAACGGGATGTTTAGAAGTTGTGTTGGGTGTAGAACAGTGG	5	0.646904627020789	1.22667764180357	1.22667764180357	0.646904627020789	2	8	0.967734492083307	0.941242597300452	0.90099020747394	+	+	
3559	N	Y	3.3184850412945	3.47336426491055	3.3184850412945	0	166	564	0.00121065375302665	10	10	0.666886680685353	N	0.584445308495785	0.987849278026193	Y	Y	ENSG00000223482	ENSG00000225484	-	+	10	10	89102369	81586350	intron	intron	RP11-322M19.1	RP11-773D16.1	88963610	81563813	-	-	0	89096646	81585954	+	-	N	N	tmp.defuse_outdir	6	2.72727272727273	1	6	1	N	N	ENSG00000223482|ENST00000413722	ENSG00000225484|ENST00000483080	SINE	-	0.574117647058824	0	0.574117647058824	CTGAGCTCATGGAGATGCAGCTTCTTCTGTAGCTCCTAAAGCCCAGCTGAGGTATCATCTAATGAGAATTCTCTCTATGCCAGGCACTGCGCTAAGCATTTCACATCATTAAGCAATGTGAGTTTTAGGCAACCCCGAAGCAGGCAGTCTGTTCATCCCAATTGCAGCTGAGGAAACAGGGTGAGTGAGGCCAAGCAGCTGGCCCAAGGTCCCCTGCCTGGTAAGTGGCACAGCCTGCAGCCCTGCCAGGTGGTCCCGCTAACCAAGCCGGCGCTTTTCTGTCACCATGCCGTATCGCCTCCTGTACTATCAAAATGTACTATCAAATTTACCTCAAAAGAAAACCCTCTGTCTTCTGAGAAGCTCCGGAAGGTCCAACACGTTGCCTGTCTTTCTGAAAAGTGTCTTGTCTGT|TAATGTCATATGAGCCCCTGTGGTGGTAGAAGAATGCTATAAATTTTGGATCCACAGAACTAAAGTACGAGAGGGAATTTTTCACAGGAAAGATGGTTGATACTTGTCCTTAGTATCAGAACAATCTCCAGTGGATTCAACAGAGCATCTGCCGTTTTCTTGAACAAAGGTTTCTTAGGGCTGGAACACCAGTAAAGCTTCTCTTCTCTGGAAAAAGTTTAGGTCTCTGAAGTTTTCTCAGTGCATCATAACTGACAGCAGCAGGAATATGGTTTTGCTTTTATCCTGGCCCAGACGCGGCTGGGGCGGACGGGACCTCTCGCGCTCTGCCTCCTCCTCTTGCTTCATGGAGCCATGCGCCTGGGTGGGGGCTCCCGAGAGAAGCTGGCCTGCGGGCGGGCCGGACGCGCT	11	2.23975469921349	1.99563974562074	2.23975469921349	1.99563974562074	4	10	0.895824791348108	0.988174076595238	0.302951672265047	-	+	
510	N	Y	3.0757710122939	2.98467335362694	2.98467335362694	208	621	117739615	0.945913461538461	21	8	0.0434804776288726	N	0.945913461538461	0.945913461538461	N	N	ENSG00000205581	ENSG00000147677	-	-	21	8	40721573	117779164	coding	intron	HMGN1	EIF3H	40714241	117654369	-	-	0.902644230769231	40717123	117739615	+	+	Y	N	tmp.defuse_outdir	2	1.6	1	3	1	N	N	ENSG00000205581|ENST00000443046	8	-	-	0	0	0	CATGGTATATGGTTATTAATCAGACTTGGCTTCTTTCTCTCCTGCTTCATCAGAGGCTGGACTCTCCTCAGTCTTCGTTTCCCCGTTTTCCGCAGGTAAGTCTTCTTTAGTTTCT|TGGTTAGCCACTTTGGCCTGTTTTCCCTTTGCTCCCTTTTTCCCTTTGTTTGCACTTTTTTGTCTGAAGATTTATCCTTTCCTGCTGCCTTT	5	0.549258645583689	0.54315577174387	0.549258645583689	0.54315577174387	1	4	0.700910982605682	0.324722722367199	0.0230376658687297	-	+	
1245	N	Y	3.1750722615756	3.09822631140263	3.09822631140263	791	8054	1833	0.986893231266446	16	16	0.185565184559466	N	0.724757856595359	0.976407816279602	N	Y	ENSG00000227827	ENSG00000214940	-	+	16	16	16471364	18441131	intron	utr5p	RP11-958N24.2	RP11-1212A22.2	16450081	18411799	+	-	0.96854375503947	16464895	18435479	-	-	N	Y	tmp.defuse_outdir	3	2.5	1	3	1	N	N	ENSG00000227827|ENST00000532739	ENSG00000214940|ENST00000339303	-	-	0	0	0	CAGACAGGTAGCGGCCGTCCAGCAGCGTATAGTTGAGCTGCAGATGCAGCACGGCCACAGGGTTGCTGCTGTCCAGGGTGACCACAGCACCGACGGAGGCCTGGGGCTGGACCACAACGGAGTTGGCGGAGCTGCAGTGGCCCCGGGCAGCCCAGTCCGAGTTGTTGGGCACCTTCACGGTGATGGCGCGCTCTGAGGCCAGCCGCTCGATGGGGATCTGGGCGCCGGCCTGTGTCTGGAACGCCATCGAGGCCACCTTGGTGGAGACGGTGTAGTTGCTGATATAGCCAAAGAGAAAGGGATTGGAGTCCACCAGAAAGACGAGCTGCACCACGTCACTGAGGTTGGCCGGGGCCCTGCTGAAAGCCTAGGGGATGGAGA|AGGTGGCAGCCAGGCCCTGGGGCGCCGCCATAGCACAGCAGGCTCCGCGGGTCCGAGCGCTTGCCCTGGGCCATGATCTCCTCGCCCGCCAGCGTCACGGGCTCCTCGTTGAGCACGCGGGAGCGCGTGAGGATGCGCATGAGGGCAGAGGTCAGGTTGTAGGCCTGGGACGCCACCATCCGCAATGGTGACTCGGCTCCCAGCTCTGAGCGCTGCGGTGCCCGCACGTCTGAGCTGGCCAGGTGGATGAGGTCTCCTGTGATGTTGAGGATGCTGTCTCCGATGGCGGTGGGCGTCACGGTGCCCGCGGTGGTCTCTGCCTGCAGGATGCGCATCATGGCCTCCAGCTTGTGCAGCGTCTGCTTCAGGCACGAGCGGCATACGAGCTCCCTGCTGGGCCCCATGCACT	4	1.17785465108502	1.33042649708049	1.33042649708049	1.17785465108502	4	5	0.533025757924213	0.207726618446543	2.15947512793775e-08	-	+	
3432	N	N	3.54193626645188	3.47279520345708	3.47279520345708	0	8361451	8390894	0	12	12	0.420752639797749	N	0	0.297240064939648	Y	N	ENSG00000226711	ENSG00000164845	-	-	12	12	8368747	8395544	intron	intron	FAM66C	RP11-266K4.8	8332805	8385108	+	-	0	8361451	8390894	-	+	N	N	tmp.defuse_outdir	4	2	1	2	1	N	N	12	12	Simple_repeat	SINE,LTR	0.217391304347826	0.535315985130111	0.535315985130111	GGATTATTTTAGTACTAAGAGTTTTGAGCTGTCTATCCAAGATTGTCATCTGCACCTCTGCCTTAGGTAATACTGGGTGTGTGTGTGTGTGTGTGTGCGCACGTGTGTGTGCCTTTGCATGTGTTTGAAATATATTCTGTATCCCACATTCCACATAGGTTTGGGGCTGATCTGAAACTATACTCT|GGGTTGCCCCACGGGCCCCTGTTGGAAGATTTAGCTCTTGCCATACCTTTGGAACTAGTTCCTCTGGTGAATTCTCTTCATTGATCCTGCTGGAATGAGCTCTTTCCTGACTGCTATAGGATGGATTTTATTTTTTACTTGTTTATTTACTTTTTTGAGACAGTCTCACTGTGGTGCCCAGGCTGGATTACCGTGGCACAATCTCGGCTCCCTGAAATCTCTGCCTCCTGGGTTCAAGCAATTCTCGTGCCTAGCCTTCTAAGAAGCTGG	4	0.982562688210821	0.768962103817164	0.982562688210821	0.768962103817164	1	7	0.226044934955508	0.612712976273708	1	-	+	
886	N	Y	3.13073491470822	3.11080976345569	3.11080976345569	0	655	923664	0.00205338809034916	17	8	0.116321744905379	N	0.978067107430557	0.983550330572918	N	N	ENSG00000183011	ENSG00000237647	-	-	17	8	7761172	1087777	coding	intron	LSMD1	CTD-3212A4.1	7760005	687651	-	+	0	7760518	923664	+	-	Y	N	tmp.defuse_outdir	3	2.375	1	6	1	N	N	ENSG00000183011|ENST00000333775	8	-	-	0	0	0	CGTGGTCAGAGATACGGAGGCCCGGTCAGACTCTCCCTCTGCACCTCAATGGAAACGATGTGGTGTCCGGGTACCATGGCCAGGCCCAGCACACGGGGCTCCCCGGCAGAGAAGGAATCCGACGGCTTGAGGAACTCCTGCGCCGAGCCCAGGATGACATTGCAGTCACGGTCAGTGCAGAGGAAGCAGCCGACCAGTGTCCGTCCATCTGTCATGCGAATGCGCATAGTCTTGTTGAGCAGCGCCTCTAGCTGCTGTCGGGCGCGCTCAGCCGCCGAGTCCTCGCGCTCTCCGTCCGAATCCT|CTGCTTTTTCTCAGTTCCAGCTCCTTTCTCTTTCACGGTACCTCAGTTGCTTCTACTTTATCGGATAGTGTTGGAGATCATGGAGGGAAGGCAAATATACGCGCGGCTGAGCGGAGGCGAATCCGGAGCGCGAATCCGGGGCTCGGGCCCGTGGCCCCGCGGCGGTCCGGGAGGTCGGGGCG	8	1.72711329666871	0.970356940531183	1.72711329666871	0.970356940531183	2	9	0.778967458596978	0.48013178652312	0.454380072177995	-	-	
768	N	Y	3.56591914887046	3.4780843434859	3.4780843434859	563	1	383	0.923746792974146	16	16	0.0309339002295093	N	0	0.965339451351885	Y	Y	ENSG00000250251	ENSG00000008710	-	+	16	16	15248421	2185899	intron	intron	AC139256.2	PKD1	15219099	2138711	-	-	0.965339451351885	15228887	2156949	+	-	N	N	tmp.defuse_outdir	6	4.33333333333333	1	7	1	N	N	ENSG00000250251|ENST00000540502	ENSG00000008710|ENST00000473780	-	-	0	0	0	GCGGCCCAGCACCGTCAGCGTGAAGGTGTATCCCTCGCCGTCCCGCAGCACGCCCCGCCGCAGCACCAGTCACATGCCTGCGCTGCCCGTGGATGTGGTGGTCTCATCCAGCACCAGTGTCTTGTTGCTGAACGTACGTGCAGCCCACCGCCCTCGCTTGGAGCCGCTGCTGCAATTGAGGCAGCGGCCCTCCAGGTACACGTAGGAGCTGCGGCTCACTTCGTACACGGCCTGTGCCTTGCAGGACACACACTCCAAGGACACAATGGGCACCCGGCCACTGCGGATCAGCACTGTTGGTATTGCTGGGGGACTGTGTAGCTTTTGTCACTAGAGCATATGTGGCTTGAAGACTGTATGTGGAACTGTGGCAGGTTTGGAAGGAAGCAAAGCTGAAGCAGGCTGTCGTGTTACGTAG|AATTTGCATCAGAAACAGAGAGGGGAGAGCGTGCGGCCTCCACCAGCACGTCTGGTTGGTGGCCTCCTCCTTGCGGCCGGCCTTCCACACGGTCAGGCTGAAGGTGTACTCCACGCCAGCCGCCAGCCGCTCCCGTGGAATGGT	9	2.0505656101791	0.988665562050639	2.0505656101791	0.988665562050639	2	7	0.787015571376491	0.310474743859013	0.0216930377464691	-	+	
4413	N	N	3.32167753656001	3.46551447180198	3.32167753656001	0	144522694	119363314	0	8	8	0.281445324378917	Y	0	0	N	N	ENSG00000014164	ENSG00000225885	+	+	8	8	144623623	119412844	intron	intron	ZC3H3	AC023590.1	144519825	119294481	-	+	0	144522694	119363314	-	+	N	N	tmp.defuse_outdir	1	1	1	0	1	N	N	8	8	-	-	0	0	0	CCTGGCCAATGGAGGAAGGTGGGGCCTCACAGAGACCTGCTCACTGGGACCGGGTGGGAGGCCCAGCCCCGGGAGGAGTCTGGGGGCCCCCTCATCCAGCCCACCTGCCATGTGGGTGTGGAGCCCCATGGAGACCAGGAAGCCAAGGCCCTGGATGTGAGGGGCAGGCTCGGTGTGGAGCTGGGGCCATCCCTGCACCCAGCCT|GATTTTGGAGACTCATGTCCCACGTGGTGAGAAAGAGTAGATTTTGCATTCTTCACTTAAGAAATTGTCATAGAGATATTTCAGGGAGATGATGGGATGTGATCAAAAGAACTGAAGTAAAATATCAGAACTAGGAATGACACTGAGAAAAGTAAAATAGAAAAGGATTAGCTTATAAGAGGCAGGCAGGTTTCCCATTGTGAATATGGCTGTTTGGGTACCACATTTATTAAGAATCTACTATGCTATGGTCTATACACCAAAGCACGCATATTTTGTGAAGCTTGAATCCTGGACATGAGAATATCTGTTTTGAAGCAACCAAAATACGGTTAGCCTTTCT	6	1.22667764180357	1.57454145067324	1.57454145067324	1.22667764180357	2	6	0.651070680788995	0.916043493681027	0.00900399996167995	-	+	
4103	N	N	3.45976132345673	3.38548960673263	3.38548960673263	1	33	1455	0	8	8	0.980254095074188	N	0	0	N	Y	ENSG00000178209	ENSG00000179832	-	+	8	8	145050902	145316843	utr5p	coding	PLEC	HEATR7A	144989321	145202919	-	+	0	145049543	145278133	+	+	N	Y	tmp.defuse_outdir	1	1	1	0	1	Y	N	ENSG00000178209|ENST00000436759	ENSG00000179832|ENST00000532255	-	-	0	0	0	CTGCGATGCGAATGACCGCCCGCTCAGCTGGGTCCAGGACACTCCCGTTGCTCCCAGCGCCACCCCCGCTGCGCCGGCTCCGCTGCGTTTTCCCAAGGTTCCAGGGCAGTGTGTCCCCAGGGCTGGGCGAGCCACTGCTTCCATTGGAGACATCTTCAGAGACTGCCCGGACCTCAGCGTCCTCACCCGACATGGCCTC|CTCCTGCTCGGGGGGCAGCGCGCACTGCTGCACGATGTACTCGATCATCGCCTCACCTCCAGGCTGCTCCAGGTAGCCGTGGTGGGCCATGGCGCTAATCACCTGCACCACTGCCCGCTTCACCTTGCTGTTGGTGTCCAGGAGAGGAAGCCTCATGGAAGACAGGATAAAGGGCTTTTTATCTTCCATCTGAGCAGCAGCTGAGTTGATGACATGTCTGACCACCTGCAGGGTGCCCACGCGGG	4	0.988665562050639	0.866608085254264	0.988665562050639	0.866608085254264	4	3	0.990570858434834	0.980595871039062	1	-	+	
3348	N	N	3.11854092305808	3.50272957331379	3.11854092305808	0	49461046	15460849	0	6	9	0.484424285669665	N	0	0	N	N	ENSG00000031691	ENSG00000164975	-	+	6	9	49460820	15465951	downstream	utr3p	CENPQ	SNAPC3	49431096	15422702	+	+	0	49461046	15460849	-	+	Y	N	tmp.defuse_outdir	1	1	1	0	1	N	N	6	9	DNA	SINE	0.25	0.334745762711864	0.334745762711864	CCAAAATGCAGTCTTATTTAAAGAAAATACTGTGTATGTTTTGGATTGGATGCTACCTACCAGAAGATATTGTAGATCTCTTAAAGTTAGATTATAAACTCTTCAAAGCTACAAGAGTAGTATGGCCAGTTCACACAGGGTGAAGAACTGTATCACTCAGCAACAATGGTAAGTTAAAATCCCAGTTAACTATCAGTTATCTGTTAAACAGATGCCCTGAGAGAAATGGCATACATAATTCCTCCCCCACCACCAAAAGCTACTATAACATTAGTGTTAAAAATCACTGAGTTAGGGCTCTACTACTCATTCTAAAAACATGAAGCTTTAAGTTTCCAAGTGAAGGGTTTTTAAGACATTTTGTAATAATCTTTACTTTTAGTCACTTTGCCAGGTTTTTCTTTGAGATTT|GCTTCAAGTTAATGTTATTTCTGGAGTTATGAGTATATACTCAAGATCTTTTTAAATTCATTATTCACATAGTCTTATTAACATGTCTTGTATGCCTAGTTTCCTCCAAAACAAAACCTAACATTACTAAACAGCACACTAAGATTAAATTCCCCCAAAGCAGCCGGGCGCGGTGGCTCACGCCTGTGATCCCAAAATTTTGGGAGGCTTAGGCGGGTGGATCGCCTGAGGTTAGGAGTTT	25	2.4411495359275	1.44027822619723	2.4411495359275	1.44027822619723	1	23	0.727666562597507	0.997842450038982	0.220302748420816	-	+	
4181	N	N	3.15265165758703	3.43152237077921	3.15265165758703	0	230431301	95242487	0	2	5	0.643679218532435	N	0	0	N	N	ENSG00000187957	ENSG00000118985	+	-	2	5	230579274	95297775	intron	intron	DNER	ELL2	230222345	95220802	-	-	0	230431301	95242487	-	+	Y	N	tmp.defuse_outdir	2	1.23529411764706	1	4	3	N	N	2	5	-	-	0	0	0	TTAAATAAACTCTTTAGGCAATTATGAATCACTGCAGATTCTAGGTATTTGTGAGCCTGATGGGAGAGAGGCTGGGTGCCGAAGACCTTTCTGGATCTCTAGCAAGTGGAAAAATAAGGAAGACTGCCTGAGAGCTTCTTGAGGCCTGAGGCTGAG|GGGAAAAGAGTGCAAATTCGGAAAGCACCTCAAGCTGTTTCAGATACAGTTCCTGAGAGGAAAAGGTCAACCCCCATGAACCCTGCAAATACAATTCGAAAGACACATAGCAGCAGCACCATCTCTCAGAGGCCATACAGGGACAGGGTGATTCACTTACTGGCCCTGAAGGCCTACAAGAAACCGGAGCTACTTGCTAGACTCCAGAAAGATGGTGTCAATCAAAAAGACAAGAACTCCCTGGGAGCAATTCTGCAACAGGTGAGGACAGCTGGAGAGAGGTCCTTCCTG	17	0.695727617739339	2.27026906841258	2.27026906841258	0.695727617739339	1	19	0.396590192662034	0.462302862204902	0.692001867575233	-	+	
1524	N	N	3.43152237077921	3.46977054206092	3.43152237077921	0	692	16440070	0	9	9	0.326836244653194	N	0	0	N	N	ENSG00000099810	ENSG00000173068	+	-	9	9	22032985	16870841	coding	intron	MTAP	BNC2	21802635	16416404	+	-	0	21854754	16440070	+	+	N	Y	tmp.defuse_outdir	1	1	1	0	5	N	N	ENSG00000099810|ENST00000419385	9	-	-	0	0	0	CAGTCCTTCTATGATGGAAGTCATTCTTGTGCCAGAGGAGTGTGCCATATTCCAATGGCTGAGCCGTTTTGCCCCAAAACGAGAGAGGTTCTTATAGAGACTGCTAAGAAGCTAGGACTCCGGTGCCACTCAAAGGGGACAATGGTCACAATCGAGGGACCTCGTTTTAGCTCCCGGGCAGAAAGCTTCATGTTCCGCACCTGGGGGGCGGA|ATAGCACCAACATTCTTCCATGTTACCCCTGTTCCAAAAGCAGAATGTGAATGATACCAACTGCTGTGAGTGAGGTTTTGAAAATGGCGATGGCCGGACTTCAGGATCATCTGGGGTTGCCATGTGCCTGCACCCTTATGTGACTCTTCTGAGCAGATAGTTGTATAAGAGTATTTGATCTGAAGGCCAATTCTAT	4	1.54402708147415	1.09851729116738	1.54402708147415	1.09851729116738	1	2	0.0589940362441675	0.0784102793166774	1	+	+	
3085	N	N	3.28971172228367	3.40119854051958	3.28971172228367	0	2897	56	0	2	6	0.0230771227654362	N	0.0024691358024691	0	N	N	ENSG00000154518	ENSG00000231500	-	-	2	6	176049335	33244287	utr5p	utr5p	ATP5G3	RPS18	176040986	33239787	-	+	0	176046439	33239842	+	-	Y	N	tmp.defuse_outdir	3	2	1	2	1	N	N	ENSG00000154518|ENST00000284727	ENSG00000231500|ENST00000439602	-	-	0	0	0	ACTGATGCAGAAATTGGTCTGTATGCAACTCTGGATCCAGCTCGGATCAGAGAGGGGGTGCAGGCGAGCTTGGCGCAGGCGAACATCTTACACTCTTCGGGACTGCGCGGCTGGAGATATTGGGTGACAGGCGACGTGGGCTCCTCTCCCGCTTCCTCTCTTCCCAGGAGGCGGCGGCGGCACGGGCTGCGGCAGAGGTCGAAGGAGTGGGACTC|CACTTCCGCTCTCTCTTCCACAGGAGGCCTACACGCCGCCGCTTGTGCTGCAGCCATGTCTCTAGTGATCCCTGAAAAGTTCCAGCATATTTTGCGAGTACTCAACACCAACATCGATGGGCGGCGGAAAATAGCCTTTGCCATCACTGCCATTAAGGGTGTGGGCCGAAGATATGCTCATGTGGTGTT	4	1.06800292196828	0.994768435890458	1.06800292196828	0.994768435890458	1	8	0.193965062040055	0.0684461038810517	0.497777365104847	-	-	
548	N	N	3.38400187621614	3.59425138750382	3.38400187621614	1	86	347	0	8	8	0.978420903801042	Y	0	0	N	Y	ENSG00000253877	ENSG00000008513	-	+	8	8	112039662	134584183	intron	utr5p	RP11-946L20.2	ST3GAL1	111949919	134467091	-	-	0	112017878	134558017	+	-	N	N	tmp.defuse_outdir	1	1	1	0	1	N	N	ENSG00000253877|ENST00000523557	ENSG00000008513|ENST00000518298	-	Low_complexity	0	0.0443548387096774	0.0443548387096774	TTACAGCTTTGTGTTGAAAGCGTATTTTCTCAAGTTCATGCTCCCTTTTACTATACCTCAATATTGAGCATCTGACATGTGAGGGTTCAGTCAACGTCCAAATGTGTGATTTGATACATAGGAGAGAAGGCGTCAATGGTCTGAGGGTTGCCACAGACATCTTGTTCATTTTGTGTCT|CCATAGGCTGAGTGACCGTCCATCTCTGGTCCCCAAATGGAATTGTCCTGACCCAAGCTCAATGCATTTGCTCACTGCAGCTCTTGGGGGTGTTAATTTCCTCTCATTGACATTTCCAGTTTAGGAAGATGAAATCTGAAAATGGTACCAACACGGCTGGAGACACGCTGGAGTTTCCGGGATTTGGGCATGAAGGGGTTCGGAGGAGAATACAGGGGTGTGGGTGTCCCGGACACTTGCCCCCTTCCCA	11	0.994768435890458	1.51351271227505	1.51351271227505	0.994768435890458	4	11	0.566988170099238	0.996775987550142	1	-	+	
4377	N	N	3.51576345331414	3.25931334411053	3.25931334411053	6	139073487	3601	0.00110497237569052	8	6	0.533200317671211	N	0.00110497237569052	0.00110497237569052	N	N	ENSG00000253288	ENSG00000146197	+	+	8	6	139095813	35220856	intron	utr3p	RP11-238K6.1	SCUBE3	138821687	35182190	-	+	0.00110497237569052	139073487	35217101	-	+	Y	N	tmp.defuse_outdir	1	1	1	0	2	N	N	8	ENSG00000146197|ENST00000274938	SINE	-	0.02	0	0.02	CCAAGTTCCGGGCTATGACTCTCTTAATGTTCCCATGTCTAGATTGCAATGTTGCTTCTTCCAAATTTCAAGCCTTTGTTCTTTATAACATCCATATAATATCAACTGAATTTCAGTACCCTACTTTTCCAAGATATTATGTTGTGATTGTGTATGGGTTTGCTACTCATGTATGGTTATAGTTGTCCCCTCCCTACAAAAGGACCCTGTTCTTATGGGGAGTGGACAATGGGATGACACAGCATGGATTGCCCACCCATGAATGTGTCTAAAATGTTTGCAAGCCAACATCACATACAGTGTTTATTACATAGACTGTTGTGTTGAAATTACTAGCTTATGTTCTAAATATTTTCCAGGCTATAAAAGTTGGTCTACCTCTTTAATGGATTTGGCAGTTTTACTGCGGGTTGATACAA|GCAGACGTAGGGAAAGAAAGAGAGGATCTGTATAGACAAGAAAGCTGGCCATGTGGGAAGTCCAGAGCTCAAACCATGTGCCCCAGAGGACTGGTGCTGGCATTAAGCCTGTAAATCAAAGGCTTCTTTGGCAGGACCCTGGGCTGTTAGAATCACCCTAGGGAGCAGAGCCAGGGGACATTTTGGCCCCTGACTAGCAAGGCACAACCCTATAATGGCAGAAGCCCTTCTTTCCCCTCCCCGTTTCCCACCAGACCCACTTCCTTGATGGGCCTCTAGCACCCTTCCAAGCTGATGGGGTCGGGAATGTGAGCTGGTAAAATGGGCAGTGGAAGGGGCTGTACTGTTTCTTTACATCTCACGGGGACTAGAGCCAGTACTGAATGGCTTTTCTAGGTAGTGTGTTAGAAAAGGGGGAACAGTAGAGAGGCAGGCAGAGAGAGACAAGGAAAGGAAACTAGAAAGACAGAAAGGGAGAGTGCCTG	7	1.83086215194563	2.09938860089765	2.09938860089765	1.83086215194563	2	99	0.885810510844876	0.928711713157728	7.52896794738439e-25	-	+	
708	N	Y	3.70889084821189	3.3975649648766	3.3975649648766	3	179	155618196	0	22	1	0.23019265514665	N	0.661276661276661	0.987217987217987	N	N	ENSG00000255848	ENSG00000203761	-	-	22	1	18935205	155720105	intron	intron	AC007326.1	RP11-243J18.3	18927009	155581011	+	+	0	18927187	155618196	-	-	Y	N	tmp.defuse_outdir	2	2	2	4	1	N	N	ENSG00000255848|ENST00000544384	1	LTR,LTR	Simple_repeat	0.705882352941177	0.101449275362319	0.705882352941177	TTTCGACAAAACCGCCATCGTCATCATGGCCCGTTCTCGATGGTCGCTGTCTCTTCGGAGCTGTTGGGTACACCTGCAGACGTAAGGCTGACTGTAGACGTACTCGGGATCTCTCGTCGACTTGTCCTCAATGACCACGCTCGAGCGTACCTTCAC|CCTGGTGGAGTTCTGCTGGTCTCCACTTCTGGAGCAGTCTCAGGTGAGGCAAAAGTAGAAGGAGGCTTCTCAGCAGAGTCTCCAACTGCTTCATCCGTCATTTCATCCTCTTTCTCCAGGCTTTCCATTCCTTCTGCTTCTTCTTCTTCCTCTTCTTCCGGCTCAGAGTTCTCCTC	4	0.622493131661514	0.842196589894989	0.842196589894989	0.622493131661514	1	2	0.521202861444651	0.325205759448123	1	-	-	
876	N	Y	3.50848272165904	3.48743121468078	3.48743121468078	0	252	91809312	0	1	2	0.669766913971429	N	0	0.979218620116376	N	N	ENSG00000232527	ENSG00000233991	+	+	1	2	148951595	91809447	intron	intron	RP11-14N7.2	AC116050.1	148928322	91777536	+	+	0	148933366	91809312	+	+	Y	N	tmp.defuse_outdir	3	2.33333333333333	1	5	2	N	N	ENSG00000232527|ENST00000539543	2	LTR	-	0.0454545454545455	0	0.0454545454545455	GCTGGCCAGACCCCCAAGCTAGCCCGCCAGGCCTCCATAGAGCTGCCCAGCATGGCTGCATCCAGTACCAAGAGTTGGTGGGAGACGGGTGAGGTACAGGCTCAGTCTGCGGCCAAGACTCCGTCCTGCAAGGATATTGTGGCTGGAGACATGAGCAAGAAAAGCCTCTGGGAGCAGAAGGGAGGCTCCAAGACCTCATCAACAATTA|AGGTCGACAGCCAAAAGCGGGAGGTATCCAAAGCTGCAAGAGAAGAGAAAATGGCCTGTGGTGGGGAGCAGCTTCCAAGCCACCATGGAGGCCCCACTCAAGTCCCAGGCCTCATGGGAGCTGACCCTGATGCACGGGGACTGAGTCACCCCTGACAGAACAATAAGGAGACCTCGTGGCATTTCCCATCTC	6	1.34263224476013	1.05579717428865	1.34263224476013	1.05579717428865	2	7	0.738293793616219	0.733615448980009	0.988369831345347	+	+	
1249	N	N	3.59425138750382	3.52511032450902	3.52511032450902	3	539	14629911	0.00159744408945683	8	9	0.0575545505319748	N	0	0.0121439499617513	N	N	ENSG00000255364	ENSG00000175893	+	-	8	9	123440790	14693469	intron	intron	RP11-94A24.1	ZDHHC21	123426571	14615530	-	-	0	123426585	14629911	-	+	Y	N	tmp.defuse_outdir	2	1.25	1	1	2	N	N	ENSG00000255364|ENST00000533992	9	LTR,LTR	DNA	0.354838709677419	1	1	CTAAACTCGAATCTGATTTAGATGACATCATCCTGGACTTTGAGTTGATGAAACCTTGGAGGTCTTGGGAGTAAAGCAAGTGTGATTTGCATATGATGGATATGAATTGTAATGGCCAGAGCATGGCTGTGAGATGAAAACTCCCATTTTAGGGAACCAAGACTGAATTCCATAATTTACATGGATGTTTGGAAGGTGTCTGCAACTTAATCTGTGTTCGTTTCTGAGATGTTGGGCAACTCCTTCTTGGAAGATGTGGTAATGGTCTCTTCGAAAAGAAAATAATCATCTGAGTTTTGGCCAAAATAGTTGATCGGATTACCTATGAAAATGACTCTCAC|CCAACACGCCAGCTAATTTTTGTATTTTTAGTAGAGATGGGATTTCACCATGTTGGCCAGGATGGTATCGATCGCTTGACCTCAATATCCACCTGCCTCGGCCTTCCAAAATGCTGGGATTACAGGTGTGAGCCACCGGTTTATTGTTTTAATTTTGACAGCCACCCCAGCCTTCAGCAGCCACCACCCTGGCCAATCAGAAGCTGTCAACTTGGAGGTAAGACCCCCTACCAGCAAAAATATTACATCTCCCTGAAGGTTCAAATGATCATTAGCATTTTTTA	4	1.885788016504	0.274629322791844	1.885788016504	0.274629322791844	1	1	0.0660707436393358	0.130002478352296	5.90762302268229e-05	+	+	
2796	N	N	3.6272104187567	3.54040868314203	3.54040868314203	0	16508649	21855834	0	9	9	0.81900726542175	N	0	0	N	N	ENSG00000173068	ENSG00000099810	-	+	9	9	16870841	22032985	intron	intron	BNC2	MTAP	16416404	21802635	-	+	0	16508649	21855834	+	+	N	Y	tmp.defuse_outdir	1	1	1	0	5	N	N	9	9	-	LINE,Simple_repeat,LINE,LINE	0	0.325581395348837	0.325581395348837	CTCTCACTATTAATGCTCAGTAAAAAAACATCATAATTCTTGTTGATTCTCTCCCTACAAGACGTTCAAGCCACTATCCATTCTGTTGTATTTCTGGCATGTACATGTTGGCTTGAATATCTGAAGAAAATTCTTCTAATTTCTTCACACCTGAATTTATTATGGCCAGAATTCTTTGGTCATGAAATTTTCATCCTATTGTTCCACGCAGGTCAAAATTCTTATTGGTTCT|GAAATAGGTAGGGACATACCTATCACACAAGATTGGCCATGGCTAATTGTGGAACCTAAGTGATGGGTACCTGGAATTCATTATATTCCACCCTGTACTTACACAGATGTTTAAAGTTTTGTTTTGTTTTGTTTTGGAAGCTGACCTCATTGTTCCAGTGTCCTCAAATTCCAGCTGGATCCTGCTGCCTTCCCTGCCTGAACCCCTCACTGTCCTTCCATCTGAAACCCTTACCATGGTCTGTATGGCCTGGCCCTACTGTATTGCATCCCTCCTCTCTCTCCCTTCTCCCCAGTCTCCCTCCTTTCCACTCTACTCAATCATGCCCTTCTTGCCCATCACACTTAAAACAGGAAGGCTTCTCATACTTCAAATATTTGGTCTGGTCAACTCTATTCAGTTGACCTAGTGTACCCTTGTACCTCACCATTCTAT	22	1.38535236163886	2.33740068065059	2.33740068065059	1.38535236163886	0	24	0.412086439107377	0.635355339101109	0.227858689735657	+	+	
1772	N	Y	3.25099954268554	3.67952553980864	3.25099954268554	707	625	79478249	0.925571261651454	7	17	0.798751803959946	N	0.925571261651454	0.925571261651454	N	Y	ENSG00000075624	ENSG00000184009	-	+	7	17	5603415	79479827	coding	coding	ACTB	ACTG1	5566782	79476999	-	-	0.925571261651454	5567522	79477953	+	-	Y	N	tmp.defuse_outdir	1	1	1	0	2	Y	N	ENSG00000075624|ENST00000320713	17	-	-	0	0	0	AACGCAACTAAGTCATAGTCCGCCTAGAAGCATTTGCGGTGGACGATGGAGGGGCCGGACTCGTCATACTCCTGCTTGCTGATCCACATCTGCTGGAAGGTGGACAGCGAGGCCAGGATGGAGCCGCCGATCCACACGGAGTACTTGCGCTCAGGAGGAGCAATGATCTTGATCTTCATTGTGCTGGGTGCCAGGGCAGTGATCTCCTTCTGCATCCTGTCGGCAATGCCAGGGTACATGGTGGTGCCGCCAGACAGCACTGTGTTGGCGTACAGGTCTTTGCGGATGTCCACGTCACACTTCATGATGGAGTTGAAGGTAGTTTCGTGGATGCCACAGGACTCCATGCCCAGGAAGGAAGGCTGGAAGAGTGCCTCAGGGCAG|CGGAACCGCTCATTGCCAATGGTGATGACCTGGCCATCGGGCAGCTCGTAGCTCTTCTCCAGAGAAGAGGAGGATGCGGCGGTGGCCATCTCCTGCTCGAAGTCCAGGGCGACGTAGCACAGCTTCTCCTTGATGTCGCGCACGATTTCCCGCTCGGCCGTGGTGGTGAAGCTGTAGCCTCGCTCAGTGAGGATCTTCATGAGGTAGTCGGTCAGGTCCCGGCCAGCCAGGTCCAGACGCAGGATGGCGTGGGGGAGGGCGTAGCCCTCGTAGATGGGCACCGTGTGGGTGACCCCGTCTCCAGAGTCCATGACAATGCCAG	4	2.02005124098001	1.59895294603252	2.02005124098001	1.59895294603252	4	1	0.684062688535462	0.582960415865647	5.55576145259708e-07	-	-	
2569	N	N	3.50425715662364	3.57167229721571	3.50425715662364	0	61	104	0	19	17	0.966111008240568	N	0	0	N	Y	ENSG00000174837	ENSG00000141510	-	+	19	17	6952102	7590856	coding	utr5p	EMR1	TP53	6887582	7565097	+	-	0	6890492	7590695	-	-	Y	N	tmp.defuse_outdir	1	1	1	0	1	N	N	ENSG00000174837|ENST00000250572	ENSG00000141510|ENST00000455263	-	-	0	0	0	GTAGCTTCCCATGGAGTTGACACAGTCAGAATGCTCAGGGCAGACGCTGCTGGTGAGGCACTCATTGATATCAGTACAGGAGAAATTGCCCGGCTTTCCTGGGACCCAGTCATTTCCAGTGGGAGAAGAGAAACCATCTAAACAGCTGCACTTGTACCTCCCTGACAGGTTTTTGCAGGATGAGTTAGGACCACAGGGCTGGGGGCTTTGAGAACATTCATCAATATCTTTGCATCGCACTCCTGGATCCTTGAAGTGATTTTGCCCATTGCTGGACAGGAAGCCTTGTTTGCAAGCGCAATAGTAACTGTCCACTGTATTGGTGCAGGTGGCATAAGCTGGGCACAAGGTACTGTCTCTACAGTTATTACCCTTTGTGTTTGGTTTCCGTGTGGGTCTTATGTGCCCTTCCCAGCTGTGCATAACACAACATCC|CAATCCAGGGAAGCGTGTCACCGTCGTGGAAAGCACGCTCCCAGCCCGAACGCAAAGTGTCCCCGGAGCCCAGCAGCTACCTGCTCCCTGGACGGTGGCTCTAG	14	2.20924033001439	0.579773014782782	2.20924033001439	0.579773014782782	4	17	0.376105252890646	0.450678970339107	0.800957373912934	-	+	
804	Y	N	3.52105259334297	3.58424216889964	3.52105259334297	0	383	426	0	3	3	0.907811479568801	N	0.582259516987311	0	Y	Y	ENSG00000144820	ENSG00000114354	-	+	3	3	100414323	100467810	coding	coding	GPR128	TFG	100328433	100428205	+	+	0	100348442	100438902	-	+	N	N	tmp.defuse_outdir	1	1	1	0	1	N	N	ENSG00000144820|ENST00000273352	ENSG00000114354|ENST00000443578	-	-	0	0	0	GCTGTGACATCCTTTACCTGCTTTTCCAGGGTTTCCAGATTTTCATTGCAATTTCCTATTGTCACTTTTTGTAATTCTATCTCTCCATATAGAGAGAGACTGCACAACCGGACTGCCATTGGATTGCCCGCATTTGGAGTATCCTTGCCACATGTTTGCAAGGATGGTCCATATCTGCCCACTGGGATTCTGGCAAAAGTAAAACCCATATAGGTACTATTTTCACAAAAATTAGCAATTGTACATCTCAGTCCTTTCCACTCTTCTGTACAAATACATCTGCCATTTTCCCAGGTTCCACCATTCCTGCAGAACTCTGTAGGGGTGCTTGATGAGGAAGTAGATTTTCC|AAATAATGTCAGTTTCAGTATCCTACTGCACTGAATTGCAAAGGAAAGGTCAGAACTATCAAAAATTGTTATAAGATCTCCATCTTCATCTTTATACTTTATTGTTACTTCATCATTACTCAGAAGTTTTCCTCTGAAAACTCGTTGCATCATTAGCACTAATTCATCATAAGTAATATCTTCATTATGAATAGGAATTCGCCGAATATCCTCCCCAAGTTGAGCTTTGATGATTAGCTTCCCACTTAGATCCAACTGTCCGTTCATGGTGGACTCCAGGATGTTCTATATATACAACTCTAGAGAAAGACGGCTTGCGGAGGCCGCGGCCGCCGCCTCTCCGCAGGTC	32	2.14210871777639	2.11159434857729	2.14210871777639	2.11159434857729	4	26	0.676769301684705	0.863479813804113	0.171710619695912	-	+	
2793	N	Y	3.70822850080258	3.34206669612896	3.34206669612896	436	66836785	91806177	0	9	2	0.202598282520109	N	0.934035939040109	0.917544923800137	N	N	ENSG00000224803	ENSG00000233991	-	+	9	2	66837138	91809447	downstream	intron	RP11-318K12.3	AC116050.1	66836847	91777536	-	+	0	66836785	91806177	+	+	Y	N	tmp.defuse_outdir	3	2.5	1	5	1	N	N	9	2	-	LTR	0	1	1	CAAGGTAGCCCACCAGGCCTCCATAGAGCTGCCCAGCATGGCCATGGCCAGTACCAAGAGTCGGTGGGAGACGGGTGAGGTACAGGCTCAGTCTGCGGCCAAGACTCCGTCCTGCAAGATG|GACTCTGTGACTACATGACTAATAAAATATGGCAGAAATGACACCATGCAGTTTCCAAGCCCAGGCCTTAGGAGACAGGCAGCTTCCAGTTCAGTCTTTTGGAGGGTCAGCTCTGGGGCCCTCAGCCATCACGCATGGAGTCCAACCACCCTGAGACGTCATGCTGGAGACCCACCTGTGGATGCCCCAGTCAAGAGTCCTGGCTGAGCCCAGCCTCCCAGCCACCCCCACCCAAGGCATCAGACCACGAAGCTTCTGGCCAAGGCTTCACCAACTTCACTTGATGCTGTGAGGAACAGAACTGCCCATCCAAG	6	0.189189089034382	1.83086215194563	1.83086215194563	0.189189089034382	1	23	0.901880635744697	0.956190720187186	1	+	+	
856	N	Y	3.25935319690388	3.2557196212609	3.2557196212609	0	790	124674374	0.858987090367428	11	7	0.286042055831403	N	0.868387951009599	0.858987090367428	N	N	ENSG00000254772	ENSG00000224897	-	+	11	7	62342401	124819369	coding	intron	EEF1G	RP11-3B12.1	62327073	124569927	-	+	0.858987090367428	62334476	124674374	+	+	Y	N	tmp.defuse_outdir	2	1.125	1	1	1	N	N	ENSG00000254772|ENST00000329251	7	-	-	0	0	0	GGGTCCTTGGCCTTGGGCTCAGCAGCCAGCGCCTGCTCACATTCATCCATCTCCTCCTCAGGAGCAGGGGCAGCCGCCTTTTTCTCCTCCTTCCGCTCAGCCTGGGGCTTCTGCTTCTCTTCCCGTGAACCCTTCTCTTTCCGTGGTGTGTCCTTTTTAGGTTGGGTCTCTGCAAACT|TTTTAGCATCAAACTGGGCCATCTTCTCACACAGTTTCACTTCCCCCAAGACAGCCCAGAACTGAGACTGGTTAATGCAGGTGAGGAACCAGAGGTTATAATATAT	8	1.16564890340538	0.622493131661514	1.16564890340538	0.622493131661514	2	5	0.991740628329575	0.964298938938839	0.0349088856426406	-	+	
2345	N	N	3.6533527266709	3.2305569499541	3.2305569499541	2	25	2	0	12	19	0.34780798784106	N	0.00215982721382302	0	N	N	ENSG00000213442	ENSG00000233927	-	-	12	19	104659669	8387809	intron	utr5p	RP11-818F20.1	RPS28	104659056	8386384	+	+	0	104659080	8386385	-	-	Y	N	tmp.defuse_outdir	10	5.41176470588235	4	17	1	N	N	ENSG00000213442|ENST00000394214	ENSG00000233927|ENST00000417088	-	-	0	0	0	CCTGCCCACAGTAGACAATCTCCCCTGAAGACTTCTTCATCTTCTTTAACTGAGATACAAAGTACCAGAAGCGGGACTTGGCGACGACATGATTAGGCGCAAAGATTCGCATGCGGTAGAGGGGCGGCGTGTGGCATTTGGGGGTGGGCAGGCAGCGACCCACTACCTTGTACTCTCGTAGCGTGCCCGAGGCCTTCATGGCGTGC|TCTCCGCCAGACCGCCGCCGCGCCGCCATCATGGACACCAGCCGTGTGCAGCCTATCAAGCTGGCCAGGGTCACCAAGGTCCTGGGCAGGACCGGTTCTCAGGGACAGTGCACGCAGGTGCGCGTGGAATTCATGGACGACACGAGCCGATCCATCATCCGCAATGTAAAAGGCCCCGTGCGCGAGGGCGACGTGCTCACCCTTTTGGAGTCAGAGCGAGAAGCCCGGAGGTTGCGCTGAGCTTGGCTGCTCGCTG	17	1.37314661395922	1.51351271227505	1.51351271227505	1.37314661395922	1	10	0.637311076684102	0.742136152880573	1	-	-	
4328	N	N	2.46143304704831	2.8972397758265	2.46143304704831	0	69748	31150037	0	16	17	0.00849667844050035	N	0	0	N	N	ENSG00000234769	ENSG00000176658	+	-	16	17	69452	31203902	upstream	intron	WASH4P	MYO1D	64043	30819628	-	-	0	69748	31150037	-	+	Y	N	tmp.defuse_outdir	3	2.4	2	5	1	N	N	16	17	Simple_repeat	Low_complexity	1	0.46875	1	GGGTCAGGGTCAAGGGTCAGGGTCAGGGTCAGGGTCAGGGTCAGGGTTAGGGTTAGAGTCAGGGTCAGGGTCAGGGTCAGAGTCAGGGTCAGGGTGAGGGTCAGGGTCAGGGTCAGGGTGAGGGTCAGG|GTCATGGTTAAAACCACTAATTTTATTTATTTATTTTTATTATACTTTAAGTTTTAGGGTACATGTGCACAACGTGCAGGTTTGTTACATATGTATACATGTGCCATGTTGGTGTGCTGCACCCCTTAACTCGTCATTTACATTAGGTATGCGAGACGCCGGCTGAGTCTCACGCCCGCGGGCGGCAGCCGGTCGACCCCGGAGGCCCGACTGAGGAGCGGTCGCGAGCGGAGGTCGGCCGGGTGCGGGGACGCCCCGGGCCTCGCCGCCTGCTGCCCGCCACCCGCGGTCTGCTGGTCGACCCGTGCGGAGGAAAGAGGAGGAGGGACGCGCGAGGGCCGGAACCCCGGGTGGCCGCCCCACCGGGGCCCGCGCGGCCACCCCCCGGGACGGGGGCCGGCGGGCCACGGGCCCGGCTCGGCGCGGCCGCCTCCGCGGTTCCC	5	1.04359142660901	0.390583925748401	1.04359142660901	0.390583925748401	3	1	0.110411866306105	0.168995542489374	1.34661633564298e-05	-	+	
2956	N	Y	3.41696090746901	3.59425138750382	3.41696090746901	650	5515	2226	0.991915291186546	16	16	0.492001549142073	N	0.943407038305824	0.991915291186546	Y	Y	ENSG00000183458	ENSG00000183889	-	+	16	16	15029565	16444447	intron	intron	RP11-958N24.1	AC138969.4	15005408	16411301	+	+	0.991915291186546	15024737	16423097	-	+	N	N	tmp.defuse_outdir	12	7.5	2	4	2	N	N	ENSG00000183458|ENST00000534164	ENSG00000183889|ENST00000537112	-	-	0	0	0	GCCCCGGCCCCAGCCTGTCTTGACGAGGATCTCGTACTTGAAGCGGCCCCGCTGCCCACAGAAGGGGATGGCGCGGCCCCGGCTGGCATCCAACTGGTCCAGCTTGTGCAGGATGGCGGCCATGACCATGTAGGTCACCAGGCACACAGCACATGTCAGCATGACGATGTAGTTTACATCCGCTGTTGGCTCAGGAAACACAAAGCGGATATGGCTTGGGGGCACGAAGAGGCTGGTGCCGAAGGCGGTGAGGTGGCGGGTGAGGCAGACGGCCTGGCGGGGCGAGGTCTCCTCCAGGGGCAGCAGCCCCTCTGTCCGCCACACCACGTCCTCCTCGCTGAAGTACTGGCACAGGGACGTGTACAAGCCCACGGACACCTCCAGCGCCGACCAGCGGAAGTG|GCTGGAGAGGTTCAGACGGTAACTCCCCACTGGGTCTCTGGTCCCCGGGGAAATGAAGAAGGTGTAGGGCCGGTGGTCGGCACCCTGGAGGGACTCTGGGCGGATCCTCCTGCTAGCCGAGCAGTTGCGCTCATTGGGCCGGGGCTCCGAGTGCAGGTAGACTGCCAGGTAGGGCTCGGGTTCCTCAGACAGGTAGCGGCCTTCACGGTGAGGCGCGCTCTGAGGCCAGCCGCTCGATGGGGATCTG	4	1.52571845995469	1.42807247851759	1.52571845995469	1.42807247851759	4	3	0.594000234501971	0.495048225270596	9.96619000278807e-05	-	+	
4197	N	Y	3.42424163912411	3.32320511986986	3.32320511986986	0	178086789	75264799	0	2	3	0.537259503196317	N	0.969129017586416	0.979419345057611	N	N	ENSG00000170144	ENSG00000213300	-	+	2	3	178086111	75264787	downstream	downstream	HNRNPA3	RP11-642N14.1	178077291	75263782	+	+	0	178086789	75264799	-	+	Y	N	tmp.defuse_outdir	1	1	1	0	1	N	N	2	3	-	-	0	0	0	CTTTGAAGGTGTTTTCCTAGTATGAGGATGGGCAGCTTACTGAGTCTGTTGTGTGTCATGCTTACACACCAAAACGGTTTTCACAAAAGCTGAAACCACTTTACCAAAAATTGAGTTTACCCTGAAGACACAAAAAATGAATTGTATACACAAGGAGTCACAACTGACTTGATATGAATACTTATGGCTATTTCGCAGGGGAATTTTTAAAACTAAGGTTTAAAACGTGTAGGACATGGTACCAAGGTAGTTTTCAGTTGAAGAATTTTTCCAATGTGCCTACTAGAGAGGGACAAAGTTGTGAAATATGTAATGTAGACTTGCAGGGAAACAAATGGTGTCATCAGGTTTTACTGTCAACTACAAACCTTACCCAGCCAGAAACCTTCGTATTTTAGATGGTAGGAAAGACATTCCTCATTTAGGCAAGTAGGGTTCTCATTCAA|CCCTTTTCTGCTGTTTTTAGAACCTTCTGCTACCATATCCACCACTTCCACCACCAGATCCATAACCACCACCATAGGGACCGCCCGAGCTTCTTCC	21	2.49607540048587	1.03138567892937	2.49607540048587	1.03138567892937	2	22	0.929051149800927	0.977138093830452	0.591894518375678	-	+	
3004	N	Y	3.62145727041145	3.56232542602083	3.56232542602083	100	1385	29465337	0	16	16	0.446817675207829	N	0.546369123833912	0.994329614047924	Y	N	ENSG00000183604	ENSG00000198106	-	-	16	16	30346694	29519817	intron	intron	RP11-347C12.2	RUNDC2C	30234230	29262829	-	+	0	30300002	29465337	+	-	N	N	tmp.defuse_outdir	4	3	2	8	1	N	N	ENSG00000183604|ENST00000529428	16	-	-	0	0	0	TAAACAGTTTTTCTACAAATGATGATGGCAGTTTCGTATTTATCTGTTCAACAATCAGCGTGAGTAAATTCAAGACTGAGATGATATAATTGGTACCACAAGTCTGGCAATTCTCCAGTTGGTCTAATCCATATGTAATGACCATGTCACAATGTATAGTCATGCTAGGATCCAAG|CTGTGTCTCTGAAGCAGCGGTTTCCCCTCGAACTTGGCCGACACCACCAGGACTCGGAAGCTACAGGAGCAACGGTTGAGGGTCGTGTCCTCCACCTCCTACCGAGCGGAAGAATATGAATGGTGCCGAACCCGCCCCCCGAGCTCTTTTCCCCTTGTCCGGCGGCTCAACTCACCACATGCTCCGCCTCCAGGTCCCGCTGCAGCTTCTCGCGGAGGTATTCGGCGCTGAGTTCCATGGCGGCAGTCCAGCTGGAACGGCAGCCCAGCAGGGACACAACCCCAGCTCGGGCGCCGGCCACGCTACCTTGCTGCCTTACA	8	0.891019580613539	1.64777593675107	1.64777593675107	0.891019580613539	4	6	0.629199334364217	0.969648821339555	0.0697333046899976	-	-	
1429	N	N	3.52680574168822	3.14694770960494	3.14694770960494	0	1143	123426522	0	9	8	0.766625697902986	N	0	0.00232558139534877	N	N	ENSG00000175893	ENSG00000255364	-	+	9	8	14693469	123440790	coding	downstream	ZDHHC21	RP11-94A24.1	14615530	123426571	-	-	0.00232558139534877	14619086	123426522	+	-	Y	N	tmp.defuse_outdir	1	1	1	0	2	N	N	ENSG00000175893|ENST00000380916	8	-	-	0	0	0	TTATCATAAAACCTGTAACGCATTGCCAGCATGGAGGACCCATCTGTGCCCACCATCCATCTGTTTAGACATGATTGGCAAAGTGGTAGGGAACTCGCAGTGGTTGCCTCTGCCTGAAAGGAATGAACCACAGGATCTTCCAACGAGTGCCAAAAACTTCTGAGAAGGTCTGCTGCCATGGCTTTCG|AGTGTTGTATAGTTAATTACTCATATATTTAGAGTTTCTACATCATAACATTCTTGTAGTTGGGTGAGAGTCATTTTCATAGGTAATCCGATCAACTATTTTGGCCAAAACTCAGATGATTATTTTCTTTTCGAAGAGACCATTACCACATCTTCCAAGAAGGAGTTGCCCAACATCTCAGAAACGAACACAGATTAAGTTGCAGACACCTTCCAAACATCCATGTAAATTATGGAATTCAG	10	1.45248397387687	1.45248397387687	1.45248397387687	1.45248397387687	2	1	0.366097173982647	0.342931370294643	0.823460659274222	-	-	
3346	N	N	3.33933820917988	2.95956411548263	2.95956411548263	0	10509321	296	0	6	12	0.958662838434147	N	0.0026809651474532	0	N	Y	ENSG00000111846	ENSG00000111450	-	+	6	12	10629601	131323811	utr5p	intron	GCNT2	STX2	10492456	131274145	+	-	0	10509320	131283070	-	-	Y	N	tmp.defuse_outdir	1	1	1	0	1	N	N	6	ENSG00000111450|ENST00000540889	SINE	-	0.375886524822695	0	0.375886524822695	ATGGAAAGAGGCTTAGAGGTCATCTCATTCATCACACCATTTTACAGAGGAAAGCAAAATGCCATCCAGAGAAGGAAAGTCACAAAGCCATCTAACCCCAGACCTGGGAGTAGCAGCTGATCACAGCGGGTCGGACACAAGAAGCTGCTTCCAAAAATCTTTCCTTCCATTTGT|CCCTTCTTGCCTTGCTCTGATATTTGATAGCTTTTTTTGTTTCTTCTTTAGCGTGTTCTACATAGTCTGTGGCATTCATAACATTTCTTTCTATGTTGTTGATCATTTCACCCTGAGTCTCCACAAACATAGCCATGTCCATGAACATCTCATGCAACTCTCGGATGCTGGTCTCCAGCTTCATGATGTCCTTGTGAC	6	0.860505211414445	1.04969430044883	1.04969430044883	0.860505211414445	4	8	0.378775991690104	0.829556813160384	1	-	+	
2924	N	N	3.29041392248633	3.47336426491055	3.29041392248633	245	55840871	152064346	0.50091407678245	7	7	0.240918238645785	N	0	0	Y	N	ENSG00000226278	ENSG00000055609	-	-	7	7	55840981	152133090	intron	intron	RP11-613E4.3	MLL3	55832490	151832010	+	-	0	55840871	152064346	-	+	N	N	tmp.defuse_outdir	2	1.57142857142857	1	4	1	N	N	7	7	-	-	0	0	0	CAACTTTCTATAGCAAGTTGTAATAGGCAATTGTAAGCAAACAGTATCAATCTGTGTAACTTGTAAAAATTCATCTGAAGTTGTTTGGAGCTGTATGACAATGGATGTTATTCTTCCGGTTCTCCCAGCAGCTCTACAAAATCAGTGATATACCATTTGGCGTTATCCTTGACTTGTTGCCTGATCACATTTCCTCCAAATCCAATGAAAGCATCCTA|TTCCTTCTTCTCTGATGACCGTGCTGTCAACATCAAAACACACTGCATCTGCTGAGTAGAAAAGCTTCCTCAGCTCTGAGTGGGAGACCATCCTTGGAAGAATTTTCCTCGTTTCTCCAGTGCTAGATTTCTAGGAGACCACACTCTTCTCTTCCTGTTCCTTCTCTGGATAAAAATGCAGCACAGAGTTCTGACTACAGATTTCTTCAAGAAAGACCTGTGGATTCCGCAAGAGCAAGAGCCCAGGCTCAGGTGAGGCAAGGGTGCGGCCGGGGCTGCAACTGGCGCTGGCCATTGAGGAGCTTCTGCGCGACCTTGCGATCGTGCC	7	1.28770638020176	1.14123740804611	1.28770638020176	1.14123740804611	1	13	0.489816980394823	0.376866007114429	0.234809335240465	-	+	
3622	N	N	3.60103760561896	3.46448140203209	3.46448140203209	9	983	95242485	0	2	5	0.980462224443314	N	0	0.0065013774104683	N	Y	ENSG00000187957	ENSG00000118985	+	-	2	5	230579274	95297775	coding	coding	DNER	ELL2	230222345	95220802	-	-	0	230450574	95242486	-	+	Y	N	tmp.defuse_outdir	1	1	1	0	3	Y	N	ENSG00000187957|ENST00000341772	5	-	-	0	0	0	CCCAGATATTGCCTGTGGGAATGCCAGTTCTAACAGCTCTGCGGGTGGCCGCCTGGTATCCTTTGAAGTGCCACAGAACACCTCAGTCAAGATTCGGCAAGATGCCACTGCCTCACTGATTTTGCTCTGGAAGGTCACGGCCACAGGATTCCAACAGTGCTCCCTCATAGATGGACGAAGTGTGACCCCCCTTCAGGCTTCAGGGGGACTGGTCCTCCTGGAGGAGATGCTCGCCTTGGGGAATAATCACTTTATTGG|GAAAAGAGTGCAAATTCGGAAAGCACCTCAAGCTGTTTCAGATACAGTTCCTGAGAGGAAAAGGTCAACCCCCATGAACCCTGCAAATACAATTCGAAAGACACATAGCAGCAGCACCATCTCTCAGAGGCCATACAGGGACAGGGTGATTCACTTACTGGCCCTGAAGGCCTACAAGAAACCGGAGCTACTTGCTAGACTCCAGAAAGATGGTGTCAATCAAAA	9	1.57454145067324	1.72101042282889	1.72101042282889	1.57454145067324	4	81	0.643129895633256	0.983950759531517	0.736256400095875	+	+	
2629	N	N	3.62295434849776	3.50165665075055	3.50165665075055	16	832	22550428	0	12	7	0.0409329591148587	N	0	0	N	N	ENSG00000089157	ENSG00000105889	-	-	12	7	120639014	22672544	coding	intron	RPLP0	AC099759.1	120634510	22459063	-	-	0	120636413	22550428	+	+	Y	N	tmp.defuse_outdir	8	4.5	3	6	1	N	N	ENSG00000089157|ENST00000228306	7	Simple_repeat	-	0.0955882352941176	0	0.0955882352941176	GTGGCAGCAGCCACAGGGGCAGCAGCCACAAAGGCAGATGGATCAGCCAAGAAGGCCTTGACCTTTTCAGCAAGTGGGAAGGTGTAATCCGTCTCCACAGACAAGGCCAGGACTCGTTTGTACCCGTTGATGATAGAATGGGGTACTGATGCAACAGTTGGGTAGCCAATCTGCAGACAGACACTGGCAACATTGCGGACACCCTCCAGGAAGCGAGAATGCAGAGTTTCCTCTGTGATATCAAGCACTTCAGGGTTGTA|GATGCTGCCATTGTTGATATGGTTCCTGGCAAGCCCATGTGTGTTGAGAGCTTCTCAGACTATCCACCTTTGGGTCGCTTTGCTGTTCGTGATATGAGACAGACAGTTGCGGTGGGTGTCATCAAAGCAGTGGACAAGAAGGCTGCTGGAGCTGGCAAGGTCACCAAGTCTGCCCAGAAAGCTCAGAAGGCTAAATGA	6	1.5623357029936	1.12903166036647	1.5623357029936	1.12903166036647	2	5	0.113899917578324	0.17726913778824	1	-	+	
3092	N	N	3.485365075141	3.45400817511148	3.45400817511148	2	662	16437524	0	9	9	0.160892053359468	N	0	0	N	N	ENSG00000099810	ENSG00000173068	+	-	9	9	22032985	16870841	coding	intron	MTAP	BNC2	21802635	16416404	+	-	0	21854728	16437524	+	+	N	Y	tmp.defuse_outdir	2	1.04761904761905	1	2	5	N	N	ENSG00000099810|ENST00000380172	9	-	-	0	0	0	ATTGCGTCCTCCTTGCAAGGCATGGAAGGCAGCACACCATCATGCCTTCAAAGGTCAACTACCAGGCGAACATCTGGGCTTTGAAGGAAGAGGGCTGTACACATGTCATAGTGACCACAGCTTGTGGCTCCTTGAGGGAGGAGATTCAGCCCGGCGATATTGTCATTATTGATCAGTTCATTGACAGGACCACTATGAGACCTCAGTCCTTCTATGATGGAAGTCATTCTTGTGCCAGAGGAGTGTGCCATATTCCAATGGCTGAGCCGTTTTGCCCCAAAACGAGAGAGGTTCTTATAGAGACTGCTAAGAAGCTAGGACTCCGGTGCCACTCAAAGGGGACAATGGTCACAATCGAGGGACCTCGTTTTAGCTCCCGGGCAGAAAGC|AGGATGCTGCTGGCAAGGTGCTGGACCGCTGGGCCATCATGTCTCGAGAAGAGGAAATCATCACCCTTCAGCAGTTTCTGCGGTTTGGAGAAACCAAATCCATTGTGGAGCTGATGGCAATTCAGGAGAAAGAAGGGCAGGCCGTGGCTGTACCATCTTCAAAGACAGACTCAGATATAAGGACTTTCATTGAGAGCAATAATCGCACCAGGAGTCCCAGCCTCCTTGCTCACTTAGAGAACAGCAATCCTTCCAGCATTCATCACTTCGAAAACATCCCAAACAGCCTTGCATTTCTGCTTCCATTCCAGTACATAAACCCTGTCTCAGCACCACTGCTAGGGTTGCCTCCAAATGGGCTACTGTTAGAGCAACCAGGGTTGAGGCTGCGGGAACCCAGCCTTTCAACTCAGAATGAATATAATGAGAGCAGCGAATCCGAAGTTTC	42	2.83173346167591	2.42894378824787	2.83173346167591	2.42894378824787	2	2	0.105536666127598	0.107454019754923	0.110589457660201	+	+	
1934	N	N	3.44036538086432	3.50268972052044	3.44036538086432	1	810	803	0	9	9	0.770182434855575	N	0	0	N	Y	ENSG00000173068	ENSG00000099810	-	+	9	9	16870841	22032985	coding	coding	BNC2	MTAP	16416404	21802635	-	+	0	16437522	21854869	+	+	N	Y	tmp.defuse_outdir	2	1.2	1	1	5	Y	N	ENSG00000173068|ENST00000380666	ENSG00000099810|ENST00000380172	-	-	0	0	0	GATCATTCTTATAAGGTGTGGGAGAAACTTCGGATTCGCTGCTCTCATTATATTCATTCTGAGTTGAAAGGCTGGGTTCCCGCAGCCTCAACCCTGGTTGCTCTAACAGTAGCCCATTTGGAGGCAACCCTAGCAGTGGTGCTGAGACAGGGTTTATGTACTGGAATGGAAGCAGAAATGCAAGGCTGTTTGGGATGTTTTCGAAGTGATGAATGCTGGAAGGATTGCTGTTCTCTAAGTGAGCAAGGAGGCTGGGACTCCTGGTGCGATTATTGCTCTCAATGAAAGTCCTTATATCTGAGTCTGTCTTTGAAGATGGTACAGCCACGGCCTGCCCTTCTTTCTCCTGAATTGCCATCAGCTCCACAATGGATTTGGTTTCTCCAAACCGCAGAAACTGCTGAAGGGTGATGATTTCCTCTTCTCGAGACATGATGGCCCAGCGGTCCAGCACCTTGCCAGCAGCATC|TGCTTCCTCGTGCTCCTTCCAGCAGTCATAATCTGTCGCCATGGCGATACTTGCGTAACAAATTCCAGCCTCCTTAGCAAGAACCACCTCTGGAACTGTGGTCATGTTGATAACATCCGCCCCCCAGGTGCGGAACATGAAGCTTTCTGCCCGGGAGCTAAAACGAGGTCCCTCGATTGTGACCATTGTCCCCTTTGAGTGGCACCGGAGTCCTAGCTTCTTAGCAGTCTCTATAAGAACCTCTCTCGTTTTGGGGCAAAACGGCTCAGCCATTGGAATATGGCACACTCCTCTGGCACAAGAATGACTTCCATCATAGAAGGACTGAGGTCTCATAGTGGTCCTGTCAATGAACTGATCAATAATGACAATATCG	5	2.11159434857729	1.32432362324067	2.11159434857729	1.32432362324067	4	19	0.729406800342335	0.513469699176643	1.03500403964992e-13	-	+	
3570	N	N	3.46075454043327	3.70040921291755	3.46075454043327	0	67	486	0.0187729669276241	1	1	0.879247072250949	Y	0.954625339511104	0.0528039622942963	N	Y	ENSG00000163486	ENSG00000196369	-	+	1	1	206637783	144094424	coding	intron	SRGAP2	SRGAP2P2	206516198	143913615	+	+	0	206566046	144094424	-	+	N	N	tmp.defuse_outdir	1	1	1	0	1	N	N	ENSG00000163486|ENST00000414007	ENSG00000196369|ENST00000491897	-	-	0	0	0	CGGACATGTTTCTCCTCAATGCGAACGTTGGCCGTGGAGTCAGGGGAGCGTGGGGTCTGCCGGTCCTCCTGCTTTACCGATTTACCAATTTGCTTCTCCTCCTGCTTCTCCGCCTCCTTTAGTTTGCTCTGAGCACTGATGCTGTCGGCATTGTACATGTGATATGTCTTCATCAC|CGAGTAGAGCTCGTTCAGGACCTTCATCAAATCATCTTGGAGCTGCTGGCCGACTTCTTTACTCTTTTTAAAGAGTCTTCCTGAGTCCTCGCTGACTTGTACAAATCGAGGAATGATATTATTCAGGTAGATGTCACTCAGGGTGGTATGGTCCCTGCTTTCCCGCTTCACCTGGTTTAAGAGGAGATTCCAGCAGTTGACTGGAGAGAGAACATTCTGATCCTTCTTGAATTGCTGGTCCTTGGTGCTGCATGTCTTGGCCAGGAAGCGTTCTGCCAGCTTCTCCAGGTTGCGGGAGTAGTCCATCTCAATCTCTGCCTTCTTTCGGAAGAAGTCCTGGAGGTCCTGCAACAGTTGCACCCGAAGCTCACACTGCTGGTCCAGGCATTTCA	5	1.47079259539632	1.45248397387687	1.47079259539632	1.45248397387687	4	14	0.751284220736926	0.687082965382965	0.00120269638917741	-	+	
3623	N	N	3.16935896602371	3.4555052531978	3.16935896602371	19	731	95242592	0.0381135304744697	2	5	0.136320860978194	N	0.0381135304744697	0.0381135304744697	N	N	ENSG00000187957	ENSG00000118985	+	-	2	5	230579274	95297775	coding	intron	DNER	ELL2	230222345	95220802	-	-	0	230453194	95242592	-	+	Y	N	tmp.defuse_outdir	2	1.57142857142857	1	4	3	N	N	ENSG00000187957|ENST00000341772	5	Simple_repeat	-	0.0599078341013825	0	0.0599078341013825	CGCCGCGCCCCTGTCTGCGCCCGGGCCGTGCGCCGCGCAGCCCTGCCGGAATGGGGGTGTGTGCACCTCGCGCCCTGAGCCGGACCCGCAGCACCCGGCCCCCGCCGGCGAGCCTGGCTACAGCTGCACCTGCCCCGCCGGGATCTCCGGCGCCAACTGCCAGCTTGTTGCAGATCCTTGTGCCAGCAACCCTTGTCACCATGGCAACTGCAGCAGCAGCAGCAGCAGCAGCAGCGATGGCTACCTCTGCATTTGCAATGAAGGCTATGAAGGTCCCAACTGTGAACAGGCACTTCCCAGTCTCCCAGCCACTGGCTGGACCGAATCCATGGCACCCCGACAGCTTCAGCCTGTTCCTGCTACTCAGGAGCCTGACAAAATCCTGCCTCGCTCTCAGGCAACGGTGACACTGCCTACCTGGCAGCCGAAAACAGGGCAGAAAGTTGTAGAAATGAAATGGGATCAAGTGGAGGTGATCCCAGA|TATTTCCTCTAGAAATGAAGAGGTACCTAAATCAGAATTGTGGAAACTGAGGTGCTCATATTGTAACCCACAAATGTGTAACAATGTCATTTCCACTGGACTTTAGGGAAAAGAGTGCAAATTCGGAAAGCACCTCAAGCTGTTTCAGATACAGTTCCTGAGAGGAAAAGGTCAACCCCCATGAACCCTGCAAATACAATTCGAAAGACACATAGCAGCAGCACCATCTCTCAGAGGCCATACAGGGACAGGGTGATTCACTTACTGGCCCTGAAGGCCTACAAGAAACCGGAGCTACTTGCTAGACTCCAGAAAGATGGTGTCA	7	1.94071388106237	1.35483799243977	1.94071388106237	1.35483799243977	2	1	0.340664964979433	0.326265498980551	6.78932470191316e-07	+	+	
2483	N	N	3.23317103619633	2.63952591848334	2.63952591848334	16	645	710	0	5	2	0.0716539998699614	N	0.0681193561052219	0.0588928150765606	N	N	ENSG00000181163	ENSG00000187514	-	+	5	2	170838141	232578251	coding	coding	NPM1	PTMA	170814120	232571605	+	+	0.0681193561052219	170827179	232577175	-	+	Y	N	tmp.defuse_outdir	4	2.71428571428571	2	7	1	Y	N	ENSG00000181163|ENST00000393820	ENSG00000187514|ENST00000410064	Simple_repeat,Simple_repeat	Low_complexity	0.281879194630872	0.32258064516129	0.32258064516129	TGATGATGGTTTTGAGTCTTTTCCATTCTGATTTGACTTTTGTGCATTTTTGGCTGGAGTATCTCGTATAGATTTCTTCACTGGCGCTTTTTCTTCAGCTTCCTCATC|TTCATCTCCATCCTCTTCCTCACCATCACCTTCTTCTTCCTCCTCCTCTTCCTCCCCACCTTCTTCCTCTTCTTCGTCTACCTCATTGTCAGCCTCCTGCTCCCCATTTTCCTCATTAGCATTCCCGTTAGCAGGGGCGTCTCTTCCATTTTCTGCCTCTTCCACAACTTCCTT	7	0.909328202132996	0.945945445171908	0.945945445171908	0.909328202132996	3	5	0.344747192840891	0.702544899306826	0.544280243131428	-	+	
3832	N	N	3.1394991440805	3.3677116404708	3.1394991440805	0	1095	69	0.00363636363636333	9	6	0.0503358257143547	N	0.00363636363636333	0.00363636363636333	N	N	ENSG00000198467	ENSG00000118523	-	+	9	6	35691017	132272513	utr5p	utr5p	TPM2	CTGF	35681989	132269316	-	-	0.00363636363636333	35689923	132272445	+	-	Y	N	tmp.defuse_outdir	1	1	1	0	1	N	N	ENSG00000198467|ENST00000378292	ENSG00000118523|ENST00000367976	-	Low_complexity	0	0.486033519553073	0.486033519553073	GCTGCTCCTCCTCCAGCTGCTTGCAGCGGTCCTCAGCTTGCTTCTTGTCGGCTTCGGCCTGCTCGGCGCGGTCGATGGCGTTCTCCTTGTCCAGCTTCAGCATCTGCATCTTCTTCTTGATGGCGTCCATGGCTGCGGTGGGGGGTGGGCCGGCCGGCAGGCGGTGAGGACCGGACGGACTGGGCTGGGTGAGCGGACTGGGTGCACCGGTGGCAGGCGAGGAGGACGGAGCGGGACTG|GGCTGCCGTCGAGCTGGAGGGTGGAGTCGCACTGG	5	1.44027822619723	1.09241441732756	1.44027822619723	1.09241441732756	1	77	0.273043692638515	0.0487845254519367	0.158491374841632	-	+	
4458	Y	N	3.04168562531529	2.87538852902511	2.87538852902511	0	95242038	95714078	0	5	5	0.0465913657539819	N	0	0	Y	N	ENSG00000118985	ENSG00000251314	+	+	5	5	95297775	95970220	intron	intron	ELL2	CTD-2337A12.1	95220802	95297705	-	+	0	95242038	95714078	-	+	N	N	tmp.defuse_outdir	2	1.125	1	1	2	N	N	5	5	-	LINE	0	1	1	CAAATGTGTAACAATGTCATTTCCACTGGACTTTAGGGAAAAGAGTGCAAATTCGGAAAGCACCTCAAGCTGTTTCAGATACAGTTCCTGAGAGGAAAAGGTCAACCCCCATGAACCCTGCAAATACAATTCGAAAGACACATAGCAGCAGCACCATCTCTCAGAGGCCATACAGGGACAGGGTGATTCACTTACTGGCCCTGAAGGCCTACAAGAAACCGGAGCTACTTGCTAGACTCCAGAAAGATGGTGTCAATCAAAAAGACAAGAACTCCCTGGGAGCAATTCTGCAACAGGTGAGGACAGCTGGAGAGAGGTCCTTCCTGCTTACCTTCTTGTTAAAATGTTCATTTAAAAAAGCTTGTTGTCATTATTATCATTATTATTGAGATAGAGAAATTTTAGGATTATTTTGATCAGTGGTATGTGAAATACAACTCCTGAATATTAAGTTAAATCATCTCATTTTAAGCACTTAATTAAAA|ACATAGTTACCATTCTTATTTTCTTTTTTCTCTTTTTTGGTGCAGTGAGAACATTTAAGACCTATCTGCTTAAAAAATGTAAAGTATACAATATGGTATTTGTTAACTGTAGTCACCACACTGTACGTTAGAGCTCCAGAATTTATTCATTTTGTATAACTGAAACTTTATATCTTTTGACTGACATCTCCCAATTTCTCCTTCCCACTTTCCCCCTTCCTATTCCCTGGCAAACACCATTCCACTATCTGCTTCTATAAGTTTGACTGTCTTAGATTCCACATATAAATGAAGTCATGCAGTATTTGTGTTTGTGTGTCTAGTTTATTTCATACAGTATAATGTCCCCC	8	1.47689546923614	1.93461100722255	1.93461100722255	1.47689546923614	2	8	0.0141395262172892	0.0144541292002115	9.51539290069854e-16	-	+	
159	N	N	3.21535187727693	3.19442835137467	3.19442835137467	440	486	62971380	0.408851666133219	16	4	0.134889494097668	N	0.525143141647996	0.408851666133219	N	N	ENSG00000134419	ENSG00000225405	+	-	16	4	18801656	62971767	coding	intron	RPS15A	RP11-84A1.1	18792617	62971378	-	-	0.253796365446851	18794334	62971380	-	+	Y	N	tmp.defuse_outdir	2	1.25	1	1	1	N	N	ENSG00000134419|ENST00000322989	4	-	LINE	0	0.0404040404040404	0.0404040404040404	AGCTCCAATTTCATCCGTCTGCCATCGGCGCCATCCTGCAATCTAAGCCACAATGGTGCGCATGAATGTCCTGGCAGATGCTCTCAAGAGTATCAACAATGCCGAAAAGAGAGGCAAACGCCAGGTGCTTATTAGGCCGTGCTCCAAAGTCATCGTCCGGTTTCTCACTGTGATGATGAAGCATGGTTACATTGGCGAATTTGAAATCATTGATGACCACAGAGCTGGGAAAATTGTTGTGAACCTCACAGGCAGGCTAAACAAGTGTGGGGTGATCAGCCCCAGATTTGACGTGCAACTCAAAGACCTGGAAAAATGGCAGAATAATCTGCTTCCATCCCGCCAGTTTGGTTTCATTGTACTGACAACCTCAGCTGGCATCATGGACCATGAAGAAGCAAGACGAAAACACACAGGAGGGAAAATCCTGGGATTCTTTTTC|TAGGGATGTAATACATATATTTACAAATAAAATGCCTCATGGAAAAAAAAAGACACATGCACTTGTATGTTCACTGCAACACTATTCACAATAGCAAAGACAT	4	0.653007500860608	0.604184510142057	0.653007500860608	0.604184510142057	1	4	0.993207716787194	0.994411248378661	1.37294672392943e-05	+	+	
479	N	N	3.02548217798839	3.5319270478477	3.02548217798839	0	74	515	0	7	15	0.0826125062641172	N	0.291772398409008	0	N	N	ENSG00000122565	ENSG00000128891	-	+	7	15	26252976	40857252	utr5p	coding	CBX3	C15orf57	26240782	40845298	+	-	0	26241386	40854974	-	-	Y	N	tmp.defuse_outdir	2	1.25	1	1	1	N	N	ENSG00000122565|ENST00000396386	ENSG00000128891|ENST00000358005	-	-	0	0	0	CTTCCACTTCAGGAAATATTCCACTTTCCCATTCACTACACGTCGATCTAGTACTTTTTCCACGACAAATTCTTCAGGCTCTGCCTCTTCAACTTTTTTACTCTTTCCATTCTGTTTTTTTCCCATTTTTTGCAATGTAGTTTTGTTGGAGGCCATTTTTTATTGCAGACTTGAAGAGCTATTATTCACCGCCTCCGAGCTGCTCCGGGTCGCGGGTCTGCAGCGTCTCCGGCCCTCCGCGCCTA|GAGATGCTAAATACACTTCTGAATCCTGCAAGGGAGCCCAAGGCTTTACAGCTGGCTGGACAGCAAAGTCAGCCACCTCCCTCTGGCCTTCACCTTCAGGGCAAGAATCCACAAAGGAGTCTGAGAATGCATTGTTGGCACCATCTTCTTGTTCAGGATTTGGCAGACAGGAACAAATTTCAGCCCAGAGATC	4	1.33042649708049	1.1046201650072	1.33042649708049	1.1046201650072	1	1	0.292007007475577	0.294537587723027	0.317896635995832	-	+	
562	Y	Y	3.41319935075004	3.53143253430774	3.41319935075004	0	1440	14999237	0	16	16	0.294558471376969	N	0.682262372348782	0.965247446975648	N	N	ENSG00000179889	ENSG00000224712	+	+	16	16	15233195	15045901	coding	intron	PDXDC1	RP11-719K4.1	15068599	14802801	+	+	0	15123912	14999237	+	+	N	Y	tmp.defuse_outdir	6	3.33333333333333	1	4	1	N	N	ENSG00000179889|ENST00000325823	16	-	LINE	0	1	1	GGCTCAGATCCGGTGTTTAAAGCCGTCCCAGTGCCCAACATGACACCTTCAGGAGTCGGCCGGGAGAGGCACTCGTGTGACGCGCTGAATCGCTGGCTGGGAGAACAGCTGAAGCAGCTGGTGCCTGCAAGCGGCCTCACAGTCATGGATCTGGAAGCTGAGGGCACGTGTTTGCGGTTCAGCCCTTTGATGACCGCAGCA|GGATACCACATGGAGCATTTTGAGGAGTGCTGGCCAGGTATTTTGTAGAATGTTCCTCAACTGGGATTTGGCAGATGCTTCTCATCCTTAGTCTTGGCTTGTGTGTGTTTTGAGGAGGAGGACCACAGAGCTTAAGAATCATTCTCAGCACTCTGTATCAGGCACGCATTCTCTCAAGATGACTTGCCGCTATTGAAGTTGACTTTGATCACCTGGCTGAGGTAGTGTCTGTCCGTGTTCTCCACTGTAAAGTTACTCTCTCCTCTCTTTTCA	6	1.24498626332303	1.62336444139179	1.62336444139179	1.24498626332303	1	4	0.894022599312416	0.802988715505798	0.827954719030299	+	+	
1003	N	Y	3.59528445727371	3.33528047801382	3.33528047801382	438	331	182131	0	22	8	0.0399861379672973	N	0	0.937994995227407	N	N	ENSG00000184319	ENSG00000172748	-	-	22	8	51239737	197342	intron	upstream	AC002055.4	ZNF596	51195376	182137	+	+	0	51223720	182131	-	-	Y	N	tmp.defuse_outdir	10	9	8	4	1	N	N	ENSG00000184319|ENST00000480246	8	-	Low_complexity	0	0.0342465753424658	0.0342465753424658	CGGCCGACTCAGTGGCCAGCGGAAACTTGATGATAGCATAGTGGCCAAGCTTGTTTCTCCTGGGGGTGCTCTTCCGAGGATATCTGGGCTGCCTCCGGAGTCGCAGTGTCTTGGGCCGCCTGAAGGTGAGTGACATGCGGATCTTCTTTTTTGCGTGTGGCTGCGGACACCTTTCAACACTGCCTTCTTGGCCTTTAAAGCCTTCGCTTTGGCTTCGGCTTTAGGATGAGCAGGAGCTTCCTTCGCTTTTGGTGCCATCT|AACAGGAAGTTGGGTGGAAGCAGCGCGGACCCACGGCACACCGAACGCACTCCAACAGAACCCGACGCAGACACGCGCTTTCAACCGGCGGAGACACTGGCAGGGCCAGAAACGCGCGCAGCGGGGGCGGGAGGTCGGTAAGCTCCCCGCCCCTGCCCGAGACCCCGCCCCGGCCCG	4	0.768962103817164	0.891019580613539	0.891019580613539	0.768962103817164	1	2	0.535589926180616	0.334122369442915	0.128318359774432	-	-	
2775	N	N	3.60256518892881	3.51782959285392	3.51782959285392	0	5765	547	0	2	5	0.985131831047512	N	0	0	N	Y	ENSG00000153827	ENSG00000118985	-	+	2	5	230787955	95297775	coding	coding	TRIP12	ELL2	230631930	95220802	-	-	0	230634041	95278706	+	-	Y	N	tmp.defuse_outdir	2	1.02439024390244	1	1	2	Y	N	ENSG00000153827|ENST00000283943	ENSG00000118985|ENST00000237853	-	Simple_repeat	0	0.275449101796407	0.275449101796407	GGCAGACACTGCATTTCTTGCTATGATCAGGAAAGATGGAACGACTGCTGCCCTTCTCTTGCTGCTATCAACAGTTTTTCACGCATTATCTCAATGCTTGAATAGTCCGGCAACTTAAGATAGTTCACACAAGTCATTACAGAGGGCAAGAAGTCATCTGGGTTTTCTGTTGATTCAAACGTCTTTCGGACAATTGTCAAAGGTGGATTCAAACTCCGGAATCCTCCAACAGGCAATCTTGGGCTACCAGTCACAAACTGGAGAAATAACCTCTGCTGCTCATTATCAAAACTACTGAGAATCTCAAACAAAAACTTCACAGCCCGACTGTCATGAGTATAACCATGATCAGGCCTACAGCATTCCATCAGTGTCTTTGCATCCCAAGTGTCTGCTTTACTGCCACAAAGGAGCTGATCC|AGCCCGTGGAGTCCTTGGAACTGGATTGAAGGTCGAAAAGGAATTAAATTCTTGTGGCTCTGGTAAGTCTCGAGCGCCCGGATCGCCGTCTCGGTGAGCTTCACATGCAGTACGGTGATGTTGTCCTGCCCCAGCCGTCCGCACGACAGCCCATAGCGCTGCTCCTCCCGCAGGCCCCCTGTCCCCCCCGCCGCCATCTTAAACTCCCCGGGGTGCCGCCGCCGCCGCCGCTCCGGCTCTAGCCTCCACTGCGGCCGCGGCTGCTTGGGCTTCTGCAGCCGCCGCCACTGCTAGGGCCATCCCGCT	41	2.60592712960261	1.63557018907143	2.60592712960261	1.63557018907143	4	32	0.882181278274575	0.994960543834259	1	-	+	
1515	N	Y	3.09822631140263	3.55128313764676	3.09822631140263	490	1591	91850760	0.979839208410637	12	14	0.207372025918619	N	0.979839208410637	0.979839208410637	N	N	ENSG00000187109	ENSG00000015133	+	-	12	14	76478738	91884152	utr3p	intron	NAP1L1	CCDC88C	76438682	91737669	-	-	0.606864564007421	76442206	91850760	-	+	Y	N	tmp.defuse_outdir	1	1	1	0	1	N	N	ENSG00000187109|ENST00000393263	14	-	Low_complexity	0	0.0307692307692308	0.0307692307692308	AAAGGAAAGAATGTCACTTTGAAAACTATTAAGAAGAAGCAGAAACACAAGGGACGTGGGACAGTTCGTACTGTGACTAAAACAGTTTCCAATGACTCTTTCTTTAACTTTTTTGCCCCTCCTGAAGTTCCTGAGAGTGGAGATCTGGATGATGATGCTGAAGCTATCCTTGCTGCAGACTTCGAAATTGGTCACTTTTTACGTGAGCGTATAATCCCAAGATCAGTGTTATATTTTACTGGAGAAGCTATTGAAGATGATGATGATGATTATGATGAAGAAGGTGAAGAAGCGGATGAGGAAGGGGAAGAAGAAGGAGATGAGGAAAATGATCCAGACTATGACCCAAAGAAGGATCAAAACCCAGCAGAGTGCAAGCAGCAGTGAAGC|AGGATGGTCTACCTTCCGCTTCCCTGGAAAGGATGAATTTACATCATTTGACAAGCCTATTTTCAAGTTATTTGTTGTTTGTTTGCTTGTTTTTGTTTT	13	2.06277135785874	0.793373599176439	2.06277135785874	0.793373599176439	2	15	0.985832084148369	0.984229207367568	0.0962802473772677	+	+	
1965	N	Y	3.41782614336956	3.82232940528072	3.41782614336956	0	402	825	0.216997397527651	5	5	0.976191431912353	N	0.93976903057905	0.93976903057905	N	Y	ENSG00000183666	ENSG00000215630	-	+	5	5	21544886	70585611	intron	intron	RP11-823P9.1	RP11-1280N14.4	21341942	70435716	+	-	0	21497131	70500093	-	-	N	Y	tmp.defuse_outdir	1	1	1	0	1	N	N	ENSG00000183666|ENST00000508260	ENSG00000215630|ENST00000453222	-	-	0	0	0	TGAAACCCTACAAGCGTTTCCACTCCATACACGCTCTGAATAATGGGATTGTGATGTCTTACACCAGTTCTCAAACTGGGCGGCCAGCTGCAGCTGAATCAACTCCAGGTGCCCGTAGTTGCGATACCAAGAGTAGTAGCTGTTCACACGGATCACATCCACATACAGAGCCCCCTTGTCTGCTGCGTAGGTGGAGTTGGTCACAAAGGTCACAGGCTGGGAGGGGTCCAAGGCTTTGGTGTGAGCAATCACCATCCTCCCACGAGTACAGGTAGGCGGGGTGTTCGTGCATCAGGTACGGCCACCAGAGGTTGGCACCCAGCACCTTCAGCTGGCCCTGGGTCCCAGCCTGGTTGTCCACGACTTTGTTTTCTGATTTCAAAAGACACACTTCCAACTTGAACTGGTTACTG|CACTTGACGGAGATCTGGTAATTCACCAGCCCTGGTGAAGCCCTACAAGCGTTTCCACTCCATACGCGCTCTGAATAATGGGATTGTGATGTCTTACACCAATTCTCAAACTGGGC	4	1.5623357029936	0.732344860778251	1.5623357029936	0.732344860778251	4	7	0.749677688018785	0.708624488469272	1	-	+	
2914	N	N	3.55657227767559	3.6052936758779	3.55657227767559	1	55840898	625	0	7	4	0.00779473941786533	N	0	0	N	N	ENSG00000226278	ENSG00000245958	-	+	7	4	55840981	120473180	intron	intron	RP11-613E4.3	RP11-33B1.1	55832490	120375946	+	+	0	55840898	120384088	-	+	Y	N	tmp.defuse_outdir	4	2.5	1	2	1	N	N	7	ENSG00000245958|ENST00000508519	-	-	0	0	0	GCTAGGAATATACATAAAGAATTCAGATTACAAAACTCTCCAGGAAATCGATAGTGATCATATAATACTGGAACTACAGTTAAAAACAAACAAACCAATCTTTGAGGATTCCTAACTGTAGTTTACTTGACAGTGCAGATCATCTGTACCAACTTTCTATAGCAAGTTGTAATAGGCAATTGTAAGCAAACAGTATCAATCTGTGTAACTTGTAAAAATTCATCTGAAGTTGTTTGGAGCTGTATGACAATGGATGTTATTCTTCCGGTTCTCCCAGCAGCTCTACAAAATCAGTGATATACCATTTGGCGTTATCCTTGACTTGTTGCCTGATCACATT|TCCTGCCTGAAGGTGGGAGTCTTCAGTTATGTAATGGTCCATGTCCTGAAGGAGCAATGAAGTATAAACAACACTGCACCCTGTTACCAGGCATCTGACATCTGTTCACTCGCGATTCTGCATTTAGGTAGTCCTCAAATTTAATATCAATGTAATTGATAACAGGCTGCCAGCAATTACTGTTATCCACTGCATCTCCAAATCCTGGGGTATCAACTATTGTAAGCAGCAACTGAACACCACCTTCTTTGATTAAAACTTTGGTTCCACCCTTATATTTATGTTATGGCTAGGATCCAATCCTCTTCTCAAATGTGATTTTTCAAGCTCCCAGGCTCAGGTGAGGCGAGTGGGCGGCCGGGGCTGCAGCTGGCGCTGGCCATTGAGGAGCTTCGGCGCGACAGTGCGATCGGTTGCACCTTCTGCGACAGGTGCCGGCCGGTTGGCGCGCAGCGCCTGCT	4	1.2022661464443	0.414995421107676	1.2022661464443	0.414995421107676	1	2	0.0199594075257125	0.0459250970985731	7.31269047124392e-09	-	+	
3190	N	N	3.48490106682458	3.59272380419397	3.48490106682458	219	856	287	0.172229639519359	12	19	0.186252005327745	N	0.652870493991989	0.661771250556297	N	N	ENSG00000150991	ENSG00000221983	-	+	12	19	125401914	18688269	coding	coding	UBC	UBA52	125396150	18682614	-	+	0.661771250556297	125397438	18685684	+	+	Y	N	tmp.defuse_outdir	8	4.25	2	4	1	N	N	ENSG00000150991|ENST00000536834	ENSG00000221983|ENST00000430157	-	-	0	0	0	TGACATTCTCAATGGTGTCACTCGGCTCCACTTCGAGAGTGATGGTCTTACCAGTCAGGGTCTTCACGAAGATCTGCATCCCACCTCTGAGACGGAGCACCAGGTGCAGGGT|GGACTCTTTCTGGATGTTGTAGTCTGAGAGAGTGCGGCCATCCTCCAGCTGTTTGCCGGCAAATATCAGACGCTGCTGGTCAGGTGGGATACCCTCCTTGTCTTGAATTTTGGCTTTGACATTCTCAATGGTGTCACTGGGCTCGACCTCAAGGGTGATGGTTTTGCCAGTGAGGGTCTTCACAAAGATCTGCATGTTTGCGTCAGCT	4	0.732344860778251	1.37314661395922	1.37314661395922	0.732344860778251	1	5	0.574570167837158	0.881212798023826	0.868798943556777	-	+	
2776	N	N	3.5580693557619	3.60256518892881	3.5580693557619	0	5763	298	0	2	5	0.985131831047512	N	0	0	N	Y	ENSG00000153827	ENSG00000118985	-	+	2	5	230787955	95297775	coding	coding	TRIP12	ELL2	230631930	95220802	-	-	0	230634041	95249475	+	-	Y	N	tmp.defuse_outdir	1	1	1	0	2	Y	N	ENSG00000153827|ENST00000283943	ENSG00000118985|ENST00000508694	-	-	0	0	0	CTGGGTTTTCTGTTGATTCAAACGTCTTTCGGACAATTGTCAAAGGTGGATTCAAACTCCGGAATCCTCCAACAGGCAATCTTGGGCTACCAGTCACAAACTGGAGAAATAACCTCTGCTGCTCATTATCAAAACTACTGAGAATCTCAAACAAAAACTTCACAGCCCGACTGTCATGAGTATAACCATGATCAGGCCTACAGCATTCCATCAGTGTCTTTGCATCCCAAGTGTCTGCTTTACTGCCACAAAGGAGCTGATCCAG|CTACATATGGTCCACCGGGTTTGATAACTTTTGTGCTTCGGTTGCGGGATTCCTCCTCTGCCTGGGTCATTCTTTCTCGTGTCATCTGATACGAGTCGTTTGTTGCACACACTGTAATTTTATCTTGTATAAATCCCAGGCAATTGAGCTGGGAGGCTCCAGAGCTGGAGAATGTTTGCTGGATGCAGTCAAAGCTG	11	1.58674719835288	1.50130696459542	1.58674719835288	1.50130696459542	4	9	0.697165695811523	0.775903453652697	1	-	+	
3063	N	N	1.82783517430976	1.98788019491025	1.82783517430976	0	63293111	162137961	0	14	2	0.293387876155571	N	0	0.245101698078	N	N	ENSG00000140015	ENSG00000225813	+	-	14	2	63568584	162139129	intron	upstream	KCNH5	AC009299.4	63173946	162138413	-	+	0.184362754245195	63293111	162137961	-	-	Y	N	tmp.defuse_outdir	35	14.8888888888889	2	9	1	N	N	14	2	LINE,Simple_repeat	Simple_repeat	0.961538461538462	0.152230971128609	0.961538461538462	ACTCACCTATTAGAAGAAAAATATTTTTAGATTGGCTTACAAAGGAAAATCCTTGAAAATGCTGACACACACACACACACACACACACACACACACACATGCACGCACGCACACA|CACACACACACACACACACACACACACACACTCCTTCATTCTGCGGGTTAGAAAATTAGTGGGGGTCCCTGGGAGCTGCAGGTTTCCTAATCATGTCTGCACCTAAGAACAGTAGGGTCTTGTCTGGCTCTTCTTATGAACGGTCCCCCAGCCCGGACTCCCCAAGATCCATGCTAGCCTCACCCAGCTTCTCCCTCTCCCCTCTCAGATACTCAGACTTAAGAGGAAGCTCCTCACCAGGGATCCGGAGCTACCATTCACCATCCCCTAGGGCTTCACCACACTCACCTCTGTCATCACCAGTATCCCACAAGCTCCCATTTCCCTGTCCTCTCCGTGATGGGCAATCA	9	0.317349439670576	2.28247481609222	2.28247481609222	0.317349439670576	1	17	0.980536955161871	0.964128933606854	0.975010206992823	-	-	
4457	Y	N	3.17663969767881	3.01870530744306	3.01870530744306	0	95241978	95714067	0	5	5	0.490782078453075	N	0	0	Y	N	ENSG00000118985	ENSG00000251314	+	+	5	5	95297775	95970220	intron	intron	ELL2	CTD-2337A12.1	95220802	95297705	-	+	0	95241978	95714067	-	+	N	N	tmp.defuse_outdir	1	1	1	0	2	N	N	5	5	-	LINE	0	1	1	CTCAGAGGCCATACAGGGACAGGGTGATTCACTTACTGGCCCTGAAGGCCTACAAGAAACCGGAGCTACTTGCTAGACTCCAGAAAGATGGTGTCAATCAAAAAGACAAGAACTCCCTGGGAGCAATTCTGCAACAGGTGAGGACAGCTGGAGAGAGGTCCTTCCTGCTTACCTTCTTGTTAAAATGTTCATTTAAAAAAGCTTGTTGTCATTATTATCATTATTATTGAGATAGAGAAATTTTAGGATTATTTTGATCAGTGGTATGTGAAATACAACTCCTGAATATTAAGTTAAATCATCTCATTTTAAGCACTTAATTAAAAACTAGTTGAAATGTGAGCATTGTCTTTATTTGGGACCAACAAATTTTGTTCTCAAATTCC|ATTCTTATTTTCTTTTTTCTCTTTTTTGGTGCAGTGAGAACATTTAAGACCTATCTGCTTAAAAAATGTAAAGTATACAATATGGTATTTGTTAACTGTAGTCACCACACTGTACGTTAGAGCTCCAGAATTTATTCATTTTGTATAACTGAAACTTTATATCTTTTGACTGACATCTCCCAATTTCTCCTTCCCACTTTCCCCCTTCCTATTCCCTGGCAAACACCATTCCACTATCTGCTTCTATAAGTTTGACTGTCTTAGATTCCACATATAAATGAAGTCATGCAGTATTTGTGTTTGTGTGTCTAGTTTATTTCATACAGTATAATGTCCCCCAGGTTCGTCCATATGGTCACAGATGGCAGGATAGCCTTCTTGTAAGGCTAAAGAACATTCCA	74	2.3435035544904	2.42894378824787	2.42894378824787	2.3435035544904	3	62	0.785012410634234	0.924116546839206	0.0931002754904279	-	+	
1821	N	N	3.17403919180571	3.49164743214637	3.17403919180571	0	938	1696	0	7	2	0.0122064454406773	N	0	0	N	N	ENSG00000196411	ENSG00000115295	-	+	7	2	100425121	29412509	coding	coding	EPHB4	CLIP4	100400187	29320560	-	+	0	100417789	29375651	+	+	Y	N	tmp.defuse_outdir	1	1	1	0	1	N	N	ENSG00000196411|ENST00000477446	ENSG00000115295|ENST00000426642	-	-	0	0	0	CCGCAGGGCGCACAGGAGCCTCCGGGTCGGCACTCCCGGCAGCGGAGGGCGTAGGTGAGGTCCTCTCGGCCACCAGACTCCAGGGGGGCACTCCATTCCAGGTGCAGGGAGGAGCCGTTCAGGCGGGAAACCACGCTCCGCGGAGCCGAAGGAGGGGTGGTGCAGGGTGCACCCCGGGGGTCTG|GGACCTGATGAGAGGTACAGCAGCTTTTGTAGAAGGAGTGTGTGTTATATTCTTCCTTCGACCTTTTGCTTTACTTATCTTTGAAAGAGGTGCAAAAATACCATACTTGGGGGCACATTTAAAGTACTGGACTTTTCCAACACTTCCATTATTTTTTCCTTCTGGTTCATCCAGTTCAATGCCAGCCCACTGCCCACTTGCAAATTCAGTTGTTCCACAAAATCTTAATGTACCAACCTTCTGTCCTGCAATAACAACACGATCCCCCAACTTCAGGCCAAGTGACGTAAGCATTGCCTTGCCAGTGACATGATCATAATTTGGGAGCATGGCCTTTGAGATGTTACATGACAGAGGCACCGCATCTAGAAGCATCTGCTTGATTTCCTTAGCAGTGGCTGCGGCGTCAGCCATCTCTAACGGCATATCTACTGGGTCTGGAACAACATCAGCAGGGATCTGTC	13	1.885788016504	2.19093170849494	2.19093170849494	1.885788016504	1	2	0.0199594075257125	0.0459250970985731	0.100755286171817	-	+	
4270	N	N	3.6565358743666	3.31695745798465	3.31695745798465	0	332	123497565	0	8	8	0.58263893206902	N	0	0	Y	N	ENSG00000182197	ENSG00000255325	+	-	8	8	119124092	123502054	coding	downstream	EXT1	RP11-96B2.1	118806729	123497754	-	-	0	118849439	123497565	-	+	N	N	tmp.defuse_outdir	1	1	1	0	1	N	N	ENSG00000182197|ENST00000436216	8	-	LTR	0	1	1	GGTATTCAAGGGGAAGAGGTACCTGACAGGGATAGGATCAGACACCAGGAATGCCTTATATCACGTCCATAACGGGGAGGACGTTGTGCTCCTCACCACCTGCAAGCATGGCAAAGACTGGCAAAAGCACAAGGATTCTCGCTGTGACAGAGACAACACCGAGTATGAGAAGT|GAGGACACAATAGGATGACCATCAGCAAACCAGGAATAATGCCCTCAACAGACATCTGATCTGCTGACACCTTGATCTTGGACTTCTAATTCTGCAGAACTGTGAGAAATAAATAACTGTTTTTAAAAACCATCCAGTTCATGATATTC	7	0.854402337574627	0.714036239258795	0.854402337574627	0.714036239258795	2	7	0.637335895998852	0.886246012314302	0.581667584439638	+	+	
